,prediction,test
0,[38426.13671875],[33427.0]
1,[15794.4990234375],[56000.0]
2,[35722.58203125],[41111.0]
3,[39585.51953125],[29877.0]
4,[22576.287109375],[42078.0]
5,[33452.0234375],[44200.0]
6,[20440.294921875],[26405.0]
7,[39020.34765625],[29307.0]
8,[8999.484375],[28950.0]
9,[34223.57421875],[25418.0]
10,[28777.193359375],[58552.0]
11,[4734.88330078125],[32420.0]
12,[40360.77734375],[27923.0]
13,[33945.32421875],[4499.0]
14,[34824.8828125],[12507.0]
15,[8385.4619140625],[23294.0]
16,[11323.4677734375],[2734.0]
17,[8896.1513671875],[17913.0]
18,[4221.76025390625],[15065.0]
19,[15189.8076171875],[37203.0]
20,[19011.4921875],[40331.0]
21,[14922.892578125],[35400.0]
22,[22377.810546875],[18442.0]
23,[37872.96484375],[32515.0]
24,[26461.17578125],[31281.0]
25,[32351.162109375],[32399.0]
26,[11374.5498046875],[21426.0]
27,[17548.828125],[40154.0]
28,[11023.0283203125],[33900.0]
29,[8144.56982421875],[11999.0]
30,[4989.94091796875],[10999.0]
31,[8603.7607421875],[41524.0]
32,[16529.794921875],[550.0]
33,[32999.1171875],[20437.0]
34,[3563.322509765625],[26668.0]
35,[38279.4140625],[27248.0]
36,[4639.21875],[25675.0]
37,[18354.099609375],[21037.0]
38,[5016.76318359375],[18596.0]
39,[39294.51171875],[20999.0]
40,[7853.27001953125],[26032.0]
41,[15271.3857421875],[11999.0]
42,[11768.51953125],[37650.0]
43,[22340.89453125],[37672.0]
44,[31993.74609375],[23803.0]
45,[2836.137939453125],[19450.0]
46,[8804.8466796875],[10999.0]
47,[39353.6171875],[61305.0]
48,[27713.78515625],[33106.0]
49,[25625.8359375],[21289.0]
50,[37482.86328125],[33417.0]
51,[22810.439453125],[34056.0]
52,[5035.99853515625],[41147.0]
53,[9642.3486328125],[23000.0]
54,[641.2891845703125],[22000.0]
55,[1895.9232177734375],[26871.0]
56,[14011.2001953125],[38000.0]
57,[4880.76318359375],[18999.0]
58,[31669.05078125],[28026.0]
59,[8839.0009765625],[42566.0]
60,[16518.3828125],[33000.0]
61,[16519.361328125],[20000.0]
62,[28946.37109375],[16828.0]
63,[20002.16015625],[15000.0]
64,[1934.7279052734375],[29693.0]
65,[40108.26171875],[12555.0]
66,[30137.546875],[10999.0]
67,[11848.3740234375],[27327.0]
68,[12210.5400390625],[23000.0]
69,[21183.78515625],[49500.0]
70,[29655.09375],[40674.0]
71,[23526.875],[38500.0]
72,[14762.09765625],[30522.0]
73,[25259.390625],[40402.0]
74,[26341.99609375],[19833.0]
75,[39046.57421875],[33100.0]
76,[7950.78759765625],[30900.0]
77,[11481.0869140625],[32000.0]
78,[40701.92578125],[44000.0]
79,[29000.12890625],[49680.0]
80,[36714.09765625],[7995.0]
81,[16244.6162109375],[42767.0]
82,[38596.37109375],[19569.0]
83,[38019.31640625],[22150.0]
84,[19066.109375],[27413.0]
85,[38437.84375],[25467.0]
86,[21009.9765625],[15741.0]
87,[4366.13232421875],[28091.0]
88,[30770.00390625],[7997.0]
89,[13792.6796875],[5700.0]
90,[10436.953125],[28991.0]
91,[17019.05078125],[23715.0]
92,[22157.84765625],[21717.0]
93,[26777.365234375],[44157.0]
94,[18947.146484375],[38575.0]
95,[29006.15234375],[20788.0]
96,[9918.5009765625],[18354.0]
97,[12640.5361328125],[31745.0]
98,[13525.6494140625],[22214.0]
99,[37347.046875],[27502.0]
100,[37862.4765625],[19419.0]
101,[10853.4853515625],[10999.0]
102,[10217.4755859375],[16575.0]
103,[676.34423828125],[10999.0]
104,[21379.50390625],[21261.0]
105,[27036.412109375],[19630.0]
106,[23167.48046875],[25840.0]
107,[35392.94140625],[44513.0]
108,[10157.8291015625],[18999.0]
109,[26168.130859375],[11000.0]
110,[22237.31640625],[25691.0]
111,[4570.64697265625],[38600.0]
112,[17269.10546875],[44083.0]
113,[15892.1630859375],[35400.0]
114,[16414.822265625],[41191.0]
115,[18816.361328125],[31365.0]
116,[3724.020263671875],[40011.0]
117,[40719.703125],[41000.0]
118,[22199.36328125],[21898.0]
119,[11838.2294921875],[33419.0]
120,[16159.73046875],[22405.0]
121,[26227.7890625],[13847.0]
122,[13825.8046875],[44056.0]
123,[15202.755859375],[30600.0]
124,[35385.4765625],[31742.0]
125,[17522.158203125],[36195.0]
126,[27885.02734375],[17804.0]
127,[16970.130859375],[24057.0]
128,[7825.65380859375],[33400.0]
129,[33159.08203125],[29911.0]
130,[12452.9521484375],[21627.0]
131,[23278.70703125],[1000.0]
132,[30012.302734375],[54501.0]
133,[11028.078125],[26746.0]
134,[24180.677734375],[27250.0]
135,[9335.9833984375],[44807.0]
136,[8236.8525390625],[12329.0]
137,[20691.556640625],[25391.0]
138,[21470.376953125],[41718.0]
139,[40334.76171875],[26547.0]
140,[24009.2265625],[11666.0]
141,[26946.3984375],[28237.0]
142,[31432.8359375],[33280.0]
143,[10213.439453125],[41754.0]
144,[33753.125],[21440.0]
145,[4046.171630859375],[11350.0]
146,[422.6605529785156],[20999.0]
147,[35845.55859375],[34387.0]
148,[8656.85546875],[44231.0]
149,[10703.8935546875],[14949.0]
150,[17400.294921875],[40823.0]
151,[21681.681640625],[40434.0]
152,[14939.970703125],[24652.0]
153,[36691.74609375],[24862.0]
154,[10762.4814453125],[32451.0]
155,[32638.0859375],[37796.0]
156,[8519.6025390625],[20122.0]
157,[38500.875],[24977.0]
158,[13541.8564453125],[27490.0]
159,[4387.9228515625],[36295.0]
160,[17609.06640625],[40650.0]
161,[27138.6640625],[43634.0]
162,[20283.7421875],[38000.0]
163,[17634.40625],[28140.0]
164,[29282.015625],[29192.0]
165,[5836.29736328125],[34210.0]
166,[33916.99609375],[23300.0]
167,[20134.4296875],[400.0]
168,[28217.658203125],[40390.0]
169,[18688.7734375],[17325.0]
170,[27731.783203125],[10950.0]
171,[25472.19921875],[36500.0]
172,[17106.642578125],[7000.0]
173,[18432.6953125],[10999.0]
174,[24770.828125],[43626.0]
175,[11044.279296875],[6000.0]
176,[20849.46875],[29452.0]
177,[16673.1953125],[39593.0]
178,[32502.6328125],[32015.0]
179,[32363.1953125],[30930.0]
180,[24646.064453125],[11111.0]
181,[36967.14453125],[15238.0]
182,[11984.576171875],[24750.0]
183,[37885.296875],[30412.0]
184,[40484.52734375],[47187.0]
185,[12265.8603515625],[30204.0]
186,[33475.80859375],[43513.0]
187,[10397.5869140625],[26682.0]
188,[13477.2705078125],[23000.0]
189,[3801.75390625],[31016.0]
190,[31532.828125],[23000.0]
191,[38017.04296875],[21510.0]
192,[34541.64453125],[31404.0]
193,[16988.552734375],[29240.0]
194,[39914.71875],[18507.0]
195,[25671.125],[39378.0]
196,[15087.6953125],[28600.0]
197,[9109.130859375],[34650.0]
198,[39809.38671875],[33787.0]
199,[17759.515625],[25627.0]
200,[3978.239013671875],[1200.0]
201,[6823.38134765625],[11000.0]
202,[7661.00244140625],[12773.0]
203,[36906.38671875],[26690.0]
204,[5618.51025390625],[19868.0]
205,[10234.857421875],[33363.0]
206,[22267.494140625],[11999.0]
207,[1224.190185546875],[39152.0]
208,[38282.29296875],[5555.0]
209,[4417.87744140625],[11465.0]
210,[35562.57421875],[2499.0]
211,[1374.716552734375],[19995.0]
212,[12180.513671875],[13999.0]
213,[15263.9521484375],[40548.0]
214,[5658.53759765625],[26734.0]
215,[2675.190185546875],[28112.0]
216,[31747.220703125],[24276.0]
217,[12256.6787109375],[23000.0]
218,[12240.0517578125],[23000.0]
219,[23392.30078125],[29665.0]
220,[22064.6875],[4888.0]
221,[38267.38671875],[28748.0]
222,[2780.531494140625],[23500.0]
223,[22035.177734375],[25942.0]
224,[12478.251953125],[36551.0]
225,[9083.1298828125],[38810.0]
226,[18886.02734375],[21965.0]
227,[30590.283203125],[18999.0]
228,[22371.25],[24990.0]
229,[36509.2578125],[32747.0]
230,[14763.671875],[1000.0]
231,[30921.232421875],[28916.0]
232,[3623.18310546875],[46848.0]
233,[39829.40234375],[30983.0]
234,[7149.7470703125],[40280.0]
235,[20835.1640625],[42650.0]
236,[17589.626953125],[14117.0]
237,[13352.8935546875],[29500.0]
238,[11591.3193359375],[34778.0]
239,[10968.1455078125],[24258.0]
240,[24736.44921875],[2497.0]
241,[3097.042724609375],[6500.0]
242,[29673.21484375],[58413.0]
243,[267.32550048828125],[34341.0]
244,[30540.771484375],[33951.0]
245,[17921.2890625],[27176.0]
246,[23693.841796875],[36271.0]
247,[26272.330078125],[20485.0]
248,[19899.248046875],[2200.0]
249,[14986.884765625],[34463.0]
250,[37390.2265625],[26734.0]
251,[40666.9140625],[43789.0]
252,[33889.37890625],[44000.0]
253,[30154.029296875],[21603.0]
254,[37662.41015625],[30727.0]
255,[23551.79296875],[32852.0]
256,[22479.609375],[19544.0]
257,[39216.98046875],[20999.0]
258,[2098.628173828125],[27965.0]
259,[4530.09228515625],[36361.0]
260,[24412.935546875],[21217.0]
261,[18902.77734375],[24439.0]
262,[27916.08203125],[20799.0]
263,[10110.873046875],[32412.0]
264,[11232.388671875],[40150.0]
265,[4234.60107421875],[30787.0]
266,[31212.6484375],[42952.0]
267,[31875.37109375],[2500.0]
268,[4564.59619140625],[20144.0]
269,[26951.35546875],[37749.0]
270,[26801.05859375],[28065.0]
271,[3947.195556640625],[25188.0]
272,[8481.3564453125],[34387.0]
273,[11666.5439453125],[25945.0]
274,[21924.30078125],[17564.0]
275,[8907.1572265625],[30084.0]
276,[12986.703125],[41515.0]
277,[7372.716796875],[39266.0]
278,[14529.7431640625],[40818.0]
279,[3206.1904296875],[3600.0]
280,[32859.7578125],[20999.0]
281,[34761.49609375],[32783.0]
282,[9397.0400390625],[22884.0]
283,[39740.95703125],[26950.0]
284,[6565.22314453125],[15500.0]
285,[5860.24462890625],[16095.0]
286,[1865.24365234375],[9891.0]
287,[39564.54296875],[21990.0]
288,[10414.6396484375],[29670.0]
289,[6791.55712890625],[4800.0]
290,[24402.99609375],[41566.0]
291,[16215.4130859375],[18711.0]
292,[30122.021484375],[30614.0]
293,[38484.45703125],[15363.0]
294,[35166.19921875],[37334.0]
295,[36799.26953125],[36406.0]
296,[15718.0947265625],[24794.0]
297,[37510.3359375],[26025.0]
298,[23057.90234375],[26137.0]
299,[1298.237060546875],[28627.0]
300,[27910.0390625],[11999.0]
301,[6311.30322265625],[27845.0]
302,[5625.64892578125],[31771.0]
303,[32744.6328125],[26507.0]
304,[16125.12109375],[6875.0]
305,[9152.2861328125],[34500.0]
306,[34934.20703125],[18815.0]
307,[38608.0234375],[30775.0]
308,[26618.04296875],[16200.0]
309,[13122.4091796875],[21000.0]
310,[14607.80078125],[16915.0]
311,[28512.46875],[28229.0]
312,[11856.1318359375],[18384.0]
313,[14195.5634765625],[13999.0]
314,[12166.5361328125],[8000.0]
315,[30399.31640625],[4597.0]
316,[17771.33984375],[35486.0]
317,[34960.91015625],[33416.0]
318,[15017.9130859375],[34835.0]
319,[15157.6875],[43900.0]
320,[15529.111328125],[18000.0]
321,[39959.96875],[34010.0]
322,[9163.6728515625],[45482.0]
323,[24730.30078125],[34995.0]
324,[7402.27880859375],[16828.0]
325,[2818.935791015625],[3000.0]
326,[909.4208374023438],[34848.0]
327,[26177.744140625],[27468.0]
328,[35841.98828125],[23844.0]
329,[29084.97265625],[23500.0]
330,[13538.9130859375],[26242.0]
331,[26774.02734375],[23656.0]
332,[32101.814453125],[19848.0]
333,[34837.33203125],[18353.0]
334,[4653.79150390625],[27965.0]
335,[31370.8828125],[32646.0]
336,[3707.655517578125],[31362.0]
337,[10893.7568359375],[39352.0]
338,[37307.58203125],[23077.0]
339,[40292.69140625],[38551.0]
340,[15709.818359375],[54900.0]
341,[15639.724609375],[25977.0]
342,[20098.865234375],[42925.0]
343,[24523.263671875],[23155.0]
344,[883.9431762695312],[19995.0]
345,[20491.421875],[1939.0]
346,[29786.984375],[46200.0]
347,[10526.478515625],[25248.0]
348,[3705.222900390625],[53900.0]
349,[32670.7109375],[23995.0]
350,[40534.0],[7555.0]
351,[39138.75],[26588.0]
352,[24245.74609375],[22227.0]
353,[30967.140625],[13999.0]
354,[38674.27734375],[6955.0]
355,[33956.25390625],[8995.0]
356,[31004.72265625],[28916.0]
357,[26788.896484375],[43840.0]
358,[29114.646484375],[16484.0]
359,[36565.8203125],[23502.0]
360,[27008.330078125],[39649.0]
361,[28337.62890625],[45309.0]
362,[14026.7138671875],[56850.0]
363,[15845.9638671875],[1500.0]
364,[658.4454345703125],[22741.0]
365,[37970.1015625],[455.0]
366,[29064.126953125],[11999.0]
367,[14446.97265625],[24650.0]
368,[21205.078125],[34995.0]
369,[35082.21875],[10705.0]
370,[30442.56640625],[32274.0]
371,[31801.6953125],[22500.0]
372,[11475.6044921875],[42851.0]
373,[7606.07958984375],[24871.0]
374,[13363.2470703125],[8200.0]
375,[10658.6162109375],[23522.0]
376,[38827.69140625],[41150.0]
377,[11468.9169921875],[47450.0]
378,[11941.4052734375],[21818.0]
379,[26065.427734375],[20309.0]
380,[13946.625],[3700.0]
381,[29981.177734375],[26857.0]
382,[28875.69921875],[36360.0]
383,[33409.68359375],[17869.0]
384,[22586.228515625],[34073.0]
385,[39230.81640625],[11999.0]
386,[30015.294921875],[31111.0]
387,[40478.92578125],[43400.0]
388,[36552.328125],[23294.0]
389,[33746.93359375],[6000.0]
390,[30447.693359375],[12765.0]
391,[26918.88671875],[1999.0]
392,[34963.26171875],[40301.0]
393,[4442.35009765625],[20296.0]
394,[5520.68310546875],[21217.0]
395,[23513.4453125],[28401.0]
396,[26693.5390625],[36177.0]
397,[14084.5517578125],[13220.0]
398,[33113.74609375],[32207.0]
399,[7651.17236328125],[27327.0]
400,[10262.3935546875],[40243.0]
401,[21269.6875],[20735.0]
402,[20205.3984375],[43400.0]
403,[4362.73291015625],[33650.0]
404,[7007.57470703125],[27000.0]
405,[23657.7734375],[24724.0]
406,[37868.73828125],[21026.0]
407,[14557.498046875],[22270.0]
408,[9636.1787109375],[18000.0]
409,[15745.5048828125],[3700.0]
410,[27352.982421875],[50567.0]
411,[21137.1953125],[18912.0]
412,[22795.55859375],[32765.0]
413,[8936.0478515625],[35371.0]
414,[9155.9150390625],[1400.0]
415,[32223.134765625],[11800.0]
416,[20784.9765625],[23457.0]
417,[33279.27734375],[13469.0]
418,[17931.90625],[49500.0]
419,[4871.12939453125],[29665.0]
420,[29015.908203125],[45000.0]
421,[14631.1181640625],[23659.0]
422,[37551.7890625],[27098.0]
423,[18091.310546875],[25539.0]
424,[3733.399658203125],[26573.0]
425,[31747.71484375],[20487.0]
426,[1707.35693359375],[43500.0]
427,[12275.1240234375],[31879.0]
428,[12549.8330078125],[44150.0]
429,[31303.921875],[11999.0]
430,[3321.615966796875],[16200.0]
431,[20165.142578125],[20382.0]
432,[28982.79296875],[31716.0]
433,[12003.0146484375],[11999.0]
434,[36936.42578125],[38835.0]
435,[36672.30078125],[36790.0]
436,[786.381591796875],[18144.0]
437,[34764.97265625],[40633.0]
438,[6370.212890625],[23500.0]
439,[38173.6640625],[27511.0]
440,[30903.2421875],[3999.0]
441,[22342.701171875],[40752.0]
442,[3104.704345703125],[3650.0]
443,[10126.0654296875],[40641.0]
444,[36586.43359375],[19161.0]
445,[16745.455078125],[26327.0]
446,[33117.83984375],[54500.0]
447,[30417.966796875],[23065.0]
448,[14153.98828125],[29937.0]
449,[14081.9833984375],[32275.0]
450,[27507.51953125],[31280.0]
451,[36692.890625],[34444.0]
452,[3827.438720703125],[14955.0]
453,[15096.7177734375],[30470.0]
454,[11649.8291015625],[23000.0]
455,[39156.82421875],[21966.0]
456,[26415.1875],[1400.0]
457,[10356.1044921875],[10999.0]
458,[17927.38671875],[49500.0]
459,[2231.352783203125],[19814.0]
460,[16964.935546875],[19762.0]
461,[1167.316162109375],[22723.0]
462,[12183.6298828125],[36331.0]
463,[25954.3046875],[10383.0]
464,[1139.33447265625],[39725.0]
465,[4640.97802734375],[19995.0]
466,[4230.75341796875],[9421.0]
467,[8106.263671875],[29525.0]
468,[20371.3203125],[37663.0]
469,[29017.01171875],[40800.0]
470,[26437.359375],[39372.0]
471,[4352.58642578125],[34709.0]
472,[32957.2578125],[32000.0]
473,[22330.32421875],[32096.0]
474,[8567.7529296875],[39021.0]
475,[25539.49609375],[39889.0]
476,[13946.779296875],[26752.0]
477,[20114.49609375],[54500.0]
478,[21580.5625],[26265.0]
479,[23830.953125],[44192.0]
480,[24352.87109375],[24780.0]
481,[4357.23681640625],[11350.0]
482,[7099.48193359375],[10000.0]
483,[24760.71484375],[18000.0]
484,[30786.98828125],[34474.0]
485,[32958.96484375],[20475.0]
486,[8956.0810546875],[49792.0]
487,[32494.361328125],[30067.0]
488,[18246.849609375],[3500.0]
489,[31533.3828125],[10999.0]
490,[17328.876953125],[1000.0]
491,[26231.208984375],[26500.0]
492,[25349.609375],[26622.0]
493,[11891.1689453125],[21096.0]
494,[22103.337890625],[39226.0]
495,[20677.716796875],[9499.0]
496,[24902.38671875],[32250.0]
497,[33018.60546875],[14457.0]
498,[36286.05078125],[31305.0]
499,[40039.93359375],[23293.0]
500,[17919.666015625],[50500.0]
501,[15284.029296875],[27435.0]
502,[21990.234375],[30322.0]
503,[39886.08203125],[18356.0]
504,[18293.884765625],[5000.0]
505,[4970.02685546875],[27678.0]
506,[21683.615234375],[28186.0]
507,[33569.92578125],[23436.0]
508,[16381.8291015625],[47459.0]
509,[9898.185546875],[23696.0]
510,[15697.65625],[550.0]
511,[708.376953125],[32334.0]
512,[20154.84375],[24125.0]
513,[20112.11328125],[41187.0]
514,[22947.08984375],[23267.0]
515,[37518.55078125],[33349.0]
516,[638.7158813476562],[22000.0]
517,[10511.5048828125],[32228.0]
518,[21758.3359375],[37694.0]
519,[27347.15234375],[24472.0]
520,[31437.9375],[25770.0]
521,[7207.48291015625],[28400.0]
522,[37764.4140625],[1555.0]
523,[6171.3759765625],[33490.0]
524,[27406.61328125],[23336.0]
525,[26470.521484375],[30109.0]
526,[27064.7578125],[11174.0]
527,[5425.177734375],[26160.0]
528,[30024.677734375],[34444.0]
529,[1717.5001220703125],[20623.0]
530,[34022.48046875],[10999.0]
531,[32034.435546875],[31853.0]
532,[38537.578125],[31156.0]
533,[26015.734375],[16682.0]
534,[8830.587890625],[40714.0]
535,[19255.955078125],[15600.0]
536,[29943.568359375],[34888.0]
537,[40465.07421875],[20974.0]
538,[21569.4921875],[21512.0]
539,[25307.833984375],[39738.0]
540,[39644.72265625],[32020.0]
541,[28059.08203125],[16199.0]
542,[18808.650390625],[37387.0]
543,[13813.6455078125],[2500.0]
544,[7382.17626953125],[31222.0]
545,[10437.0029296875],[14122.0]
546,[15858.1484375],[44804.0]
547,[11232.0927734375],[43456.0]
548,[39544.44140625],[24500.0]
549,[11310.4248046875],[45127.0]
550,[7463.14794921875],[23250.0]
551,[26209.10546875],[11999.0]
552,[39671.28515625],[21286.0]
553,[10378.5361328125],[29499.0]
554,[19156.59375],[32855.0]
555,[8094.54541015625],[27400.0]
556,[4866.68408203125],[19995.0]
557,[33795.5234375],[38910.0]
558,[40467.96484375],[22334.0]
559,[6459.54541015625],[22372.0]
560,[39368.59765625],[34388.0]
561,[15709.048828125],[1100.0]
562,[3278.343505859375],[26877.0]
563,[37941.640625],[34427.0]
564,[24005.1015625],[28615.0]
565,[34056.56640625],[24044.0]
566,[18641.9609375],[33276.0]
567,[22835.775390625],[39497.0]
568,[1933.7802734375],[33063.0]
569,[23991.892578125],[34500.0]
570,[1967.6737060546875],[37393.0]
571,[34249.12109375],[21390.0]
572,[37113.37890625],[38269.0]
573,[32714.04296875],[35170.0]
574,[391.9445495605469],[42500.0]
575,[19213.44140625],[38381.0]
576,[5567.66162109375],[30512.0]
577,[30657.87890625],[14708.0]
578,[4189.98974609375],[18819.0]
579,[12625.2080078125],[18344.0]
580,[20454.3828125],[36405.0]
581,[20424.146484375],[38204.0]
582,[5598.80322265625],[19000.0]
583,[38733.73046875],[42543.0]
584,[15679.4072265625],[35222.0]
585,[3599.040771484375],[44703.0]
586,[16319.8125],[33508.0]
587,[18786.91796875],[39734.0]
588,[23524.017578125],[22530.0]
589,[26459.64453125],[7997.0]
590,[23478.94921875],[35446.0]
591,[35540.22265625],[22202.0]
592,[20886.5546875],[37605.0]
593,[20558.45703125],[46750.0]
594,[21650.4296875],[39404.0]
595,[28187.916015625],[25214.0]
596,[39826.26953125],[12995.0]
597,[26365.85546875],[36800.0]
598,[15205.9951171875],[33969.0]
599,[32925.6328125],[20135.0]
600,[36171.9609375],[19848.0]
601,[19560.126953125],[31031.0]
602,[40028.65234375],[24618.0]
603,[18940.08984375],[27390.0]
604,[36697.4375],[34444.0]
605,[20135.29296875],[56600.0]
606,[5279.81982421875],[18293.0]
607,[24853.15234375],[30567.0]
608,[22703.712890625],[33318.0]
609,[18012.921875],[21600.0]
610,[15303.583984375],[10098.0]
611,[3031.15625],[24534.0]
612,[25634.546875],[39877.0]
613,[38475.0546875],[19725.0]
614,[31529.59375],[17200.0]
615,[23281.828125],[27844.0]
616,[21958.330078125],[20664.0]
617,[37043.51953125],[18217.0]
618,[16529.3828125],[37562.0]
619,[12171.9521484375],[27447.0]
620,[37972.16015625],[35085.0]
621,[30209.17578125],[11999.0]
622,[6529.93115234375],[41328.0]
623,[27908.853515625],[67939.0]
624,[34893.54296875],[999.0]
625,[35935.0625],[1999.0]
626,[26987.353515625],[2797.0]
627,[13553.2568359375],[2700.0]
628,[6305.13818359375],[5390.0]
629,[38829.73828125],[17246.0]
630,[4995.36669921875],[16450.0]
631,[19272.224609375],[28537.0]
632,[16215.5546875],[17786.0]
633,[17743.87890625],[18773.0]
634,[15278.8583984375],[36298.0]
635,[26359.24609375],[49817.0]
636,[26101.03125],[499.0]
637,[35038.0546875],[21848.0]
638,[25955.236328125],[25111.0]
639,[35319.66796875],[44400.0]
640,[22441.36328125],[42403.0]
641,[20849.24609375],[33575.0]
642,[13245.2607421875],[16508.0]
643,[25116.87109375],[12995.0]
644,[16053.5791015625],[24799.0]
645,[1131.287841796875],[30620.0]
646,[1355.086181640625],[10999.0]
647,[6494.1484375],[23276.0]
648,[1234.93408203125],[24995.0]
649,[1009.2581176757812],[21270.0]
650,[28641.62109375],[23408.0]
651,[35615.85546875],[6995.0]
652,[15050.0673828125],[23018.0]
653,[6524.109375],[29589.0]
654,[9152.35546875],[24481.0]
655,[14520.4130859375],[25572.0]
656,[11198.19921875],[11950.0]
657,[12009.1728515625],[19264.0]
658,[20696.943359375],[23698.0]
659,[20550.365234375],[23712.0]
660,[21716.20703125],[38655.0]
661,[20475.10546875],[23831.0]
662,[29374.841796875],[26235.0]
663,[32825.86328125],[30942.0]
664,[19512.234375],[27752.0]
665,[12473.4853515625],[30090.0]
666,[10349.611328125],[25472.0]
667,[33653.26171875],[32119.0]
668,[31325.720703125],[23593.0]
669,[17259.69921875],[32852.0]
670,[11735.8876953125],[31752.0]
671,[39402.34765625],[14444.0]
672,[30542.671875],[10999.0]
673,[39702.296875],[12997.0]
674,[35089.74609375],[14925.0]
675,[7524.23828125],[21882.0]
676,[40243.98828125],[43126.0]
677,[39515.09765625],[32256.0]
678,[30511.75],[25389.0]
679,[22252.818359375],[21622.0]
680,[23917.67578125],[25000.0]
681,[35125.578125],[34500.0]
682,[38652.1015625],[29250.0]
683,[15712.8564453125],[23437.0]
684,[9567.8583984375],[40349.0]
685,[10573.8466796875],[32525.0]
686,[2146.264404296875],[18729.0]
687,[24274.1796875],[29001.0]
688,[12457.0673828125],[49525.0]
689,[8270.8076171875],[31939.0]
690,[9966.5556640625],[29220.0]
691,[37875.26171875],[30275.0]
692,[29198.03515625],[997.0]
693,[10444.2060546875],[24140.0]
694,[24176.26953125],[2370.0]
695,[10747.3994140625],[20994.0]
696,[34936.88671875],[21048.0]
697,[16310.91015625],[40290.0]
698,[12951.5029296875],[27327.0]
699,[25718.4453125],[24230.0]
700,[4560.15087890625],[20748.0]
701,[36995.71484375],[46409.0]
702,[37324.51171875],[26059.0]
703,[22005.98046875],[20295.0]
704,[17591.568359375],[22342.0]
705,[3113.045166015625],[2753.0]
706,[10085.6650390625],[21151.0]
707,[20080.95703125],[24300.0]
708,[23612.68359375],[1400.0]
709,[1144.268798828125],[40437.0]
710,[38593.36328125],[19774.0]
711,[15851.5615234375],[55444.0]
712,[14312.4921875],[24360.0]
713,[38023.63671875],[17625.0]
714,[24283.390625],[73500.0]
715,[25126.0546875],[11877.0]
716,[26504.05859375],[62100.0]
717,[38999.375],[17066.0]
718,[15935.5126953125],[12112.0]
719,[28072.455078125],[47466.0]
720,[11517.8505859375],[40380.0]
721,[24398.17578125],[42712.0]
722,[39521.69140625],[46500.0]
723,[3445.45361328125],[16000.0]
724,[16560.75390625],[33500.0]
725,[34036.91796875],[35579.0]
726,[2850.390869140625],[7000.0]
727,[1021.1116943359375],[21374.0]
728,[25604.02734375],[29522.0]
729,[34330.97265625],[4597.0]
730,[13002.8955078125],[25005.0]
731,[12879.5810546875],[26665.0]
732,[6624.17138671875],[27661.0]
733,[32774.77734375],[26834.0]
734,[31764.4765625],[27935.0]
735,[33916.97265625],[9460.0]
736,[12814.5263671875],[27641.0]
737,[26993.79296875],[21973.0]
738,[36090.62890625],[47175.0]
739,[31106.3671875],[42500.0]
740,[17103.05078125],[31162.0]
741,[35260.75],[28473.0]
742,[2011.1839599609375],[40257.0]
743,[27886.1875],[5997.0]
744,[23568.662109375],[20315.0]
745,[17802.724609375],[26094.0]
746,[38643.93359375],[22267.0]
747,[33119.109375],[22350.0]
748,[3292.598876953125],[16000.0]
749,[28149.21484375],[24750.0]
750,[30022.203125],[34444.0]
751,[10784.8720703125],[40144.0]
752,[33725.98828125],[45465.0]
753,[14794.6767578125],[26488.0]
754,[31783.296875],[3582.0]
755,[12320.5009765625],[17140.0]
756,[4549.81396484375],[42902.0]
757,[35996.87109375],[6666.0]
758,[1496.23583984375],[22119.0]
759,[25616.66015625],[36698.0]
760,[14300.5419921875],[32300.0]
761,[31769.845703125],[38460.0]
762,[7846.2802734375],[28283.0]
763,[31631.19921875],[555.0]
764,[9692.6103515625],[27777.0]
765,[25700.16015625],[25500.0]
766,[12653.7275390625],[21430.0]
767,[24832.140625],[31438.0]
768,[10894.8076171875],[16500.0]
769,[871.025634765625],[7350.0]
770,[3100.541015625],[35000.0]
771,[10750.3486328125],[23290.0]
772,[15111.9033203125],[22260.0]
773,[19605.9609375],[24732.0]
774,[15109.8046875],[25615.0]
775,[1887.301025390625],[7739.0]
776,[30297.626953125],[39326.0]
777,[35276.98828125],[43400.0]
778,[26814.69921875],[10000.0]
779,[25988.818359375],[944.0]
780,[7710.35302734375],[21270.0]
781,[4290.83349609375],[36190.0]
782,[502.4474792480469],[24263.0]
783,[26711.98046875],[24750.0]
784,[23096.41015625],[51370.0]
785,[7189.95068359375],[39900.0]
786,[23461.8046875],[19405.0]
787,[7275.76806640625],[35000.0]
788,[1906.785888671875],[20665.0]
789,[36494.12109375],[11475.0]
790,[5343.41650390625],[29323.0]
791,[19232.9921875],[20856.0]
792,[4623.353515625],[28076.0]
793,[40345.85546875],[7555.0]
794,[40223.89453125],[38164.0]
795,[36367.42578125],[31217.0]
796,[15920.3701171875],[25840.0]
797,[6086.357421875],[35082.0]
798,[22049.90234375],[52250.0]
799,[20878.001953125],[26876.0]
800,[24110.1484375],[34129.0]
801,[37865.66015625],[9002.0]
802,[26692.9921875],[23950.0]
803,[36561.78125],[30082.0]
804,[6738.91845703125],[30180.0]
805,[14071.716796875],[22137.0]
806,[23285.818359375],[39295.0]
807,[28337.8046875],[50750.0]
808,[27065.013671875],[28815.0]
809,[18172.83984375],[20905.0]
810,[15630.2236328125],[44400.0]
811,[29440.546875],[3459.0]
812,[1952.440673828125],[23256.0]
813,[7561.0966796875],[31648.0]
814,[37838.828125],[32032.0]
815,[28912.9296875],[21798.0]
816,[22886.359375],[43963.0]
817,[29882.27734375],[26000.0]
818,[20430.19921875],[29405.0]
819,[39560.12890625],[14703.0]
820,[21259.75],[36763.0]
821,[40126.35546875],[35738.0]
822,[28165.42578125],[44000.0]
823,[37805.06640625],[1000.0]
824,[4554.7353515625],[16263.0]
825,[6461.8466796875],[15407.0]
826,[30671.966796875],[19557.0]
827,[27487.435546875],[22771.0]
828,[11176.7802734375],[25478.0]
829,[27200.1484375],[28501.0]
830,[12026.7568359375],[18830.0]
831,[16406.384765625],[22015.0]
832,[33248.08984375],[21426.0]
833,[34640.421875],[36500.0]
834,[22872.509765625],[32225.0]
835,[3196.385986328125],[47377.0]
836,[7704.17431640625],[26477.0]
837,[24488.48828125],[40471.0]
838,[4061.525390625],[11350.0]
839,[3693.460693359375],[36852.0]
840,[11492.001953125],[25969.0]
841,[16707.85546875],[27600.0]
842,[29074.298828125],[24313.0]
843,[24752.546875],[1999.0]
844,[16610.58203125],[45000.0]
845,[38470.53125],[21187.0]
846,[2793.868408203125],[34888.0]
847,[22807.52734375],[2670.0]
848,[4710.28662109375],[12471.0]
849,[33176.75390625],[41655.0]
850,[28472.541015625],[45050.0]
851,[22500.248046875],[29728.0]
852,[23256.958984375],[29500.0]
853,[32236.3359375],[11999.0]
854,[14319.7646484375],[21724.0]
855,[20358.900390625],[2500.0]
856,[2828.852783203125],[20999.0]
857,[21374.12890625],[20757.0]
858,[14000.6484375],[20529.0]
859,[29377.041015625],[45050.0]
860,[26789.169921875],[31196.0]
861,[18262.203125],[4500.0]
862,[823.0935668945312],[13800.0]
863,[38172.96484375],[38470.0]
864,[26731.7109375],[46343.0]
865,[8094.693359375],[10999.0]
866,[35989.09765625],[34000.0]
867,[2539.69873046875],[17738.0]
868,[33842.18359375],[17501.0]
869,[25581.73046875],[9555.0]
870,[5894.80615234375],[25687.0]
871,[38353.68359375],[19390.0]
872,[28898.8359375],[20423.0]
873,[14540.7958984375],[11866.0]
874,[10248.7685546875],[14089.0]
875,[10561.8291015625],[11999.0]
876,[27922.166015625],[26659.0]
877,[21735.6640625],[36820.0]
878,[2143.472900390625],[16483.0]
879,[4034.459716796875],[27374.0]
880,[20476.2421875],[27222.0]
881,[14150.60546875],[20101.0]
882,[21406.75],[38318.0]
883,[26251.380859375],[27264.0]
884,[34937.87109375],[16167.0]
885,[28106.515625],[29722.0]
886,[21351.48046875],[22984.0]
887,[6977.1376953125],[16000.0]
888,[10428.9169921875],[21539.0]
889,[4232.54443359375],[25500.0]
890,[18203.44921875],[17540.0]
891,[33682.55078125],[11979.0]
892,[2839.927490234375],[37785.0]
893,[24563.98828125],[41656.0]
894,[25446.59765625],[15000.0]
895,[14315.955078125],[30525.0]
896,[39750.85546875],[23529.0]
897,[20255.8203125],[32663.0]
898,[20451.96875],[36405.0]
899,[24558.07421875],[45166.0]
900,[11935.2236328125],[21922.0]
901,[32546.66015625],[18000.0]
902,[1779.96728515625],[18043.0]
903,[13529.73046875],[19786.0]
904,[4281.7041015625],[4684.0]
905,[188.9926300048828],[20294.0]
906,[6833.4326171875],[3000.0]
907,[30808.896484375],[22748.0]
908,[26934.787109375],[27426.0]
909,[5867.51806640625],[17393.0]
910,[16651.990234375],[31757.0]
911,[9076.5771484375],[35930.0]
912,[25751.36328125],[28434.0]
913,[19796.798828125],[33255.0]
914,[26128.6875],[47366.0]
915,[24646.1171875],[11111.0]
916,[7147.61083984375],[10150.0]
917,[36733.25390625],[39346.0]
918,[14757.4755859375],[34637.0]
919,[25366.9375],[12500.0]
920,[28311.853515625],[37688.0]
921,[2048.287109375],[22800.0]
922,[19033.28125],[21271.0]
923,[8294.8896484375],[22335.0]
924,[18093.673828125],[11950.0]
925,[17457.80078125],[40876.0]
926,[1706.7021484375],[29451.0]
927,[32830.58984375],[26328.0]
928,[35597.60546875],[1000.0]
929,[21166.494140625],[22684.0]
930,[11370.4169921875],[15224.0]
931,[9419.0888671875],[24158.0]
932,[37279.0],[39659.0]
933,[1198.541259765625],[30940.0]
934,[36938.35546875],[21114.0]
935,[5872.01708984375],[23358.0]
936,[35169.9140625],[21601.0]
937,[34333.76171875],[28000.0]
938,[5622.88623046875],[15239.0]
939,[17447.34375],[46177.0]
940,[38137.8125],[21150.0]
941,[26981.23828125],[35795.0]
942,[2120.319580078125],[14565.0]
943,[24955.28125],[25972.0]
944,[2390.888427734375],[15919.0]
945,[9806.8984375],[40450.0]
946,[21031.537109375],[17510.0]
947,[11467.669921875],[20000.0]
948,[19391.5078125],[11999.0]
949,[14567.2392578125],[16674.0]
950,[7728.06982421875],[41179.0]
951,[5803.9814453125],[13999.0]
952,[21167.5546875],[11851.0]
953,[5552.14794921875],[20610.0]
954,[23742.30859375],[11999.0]
955,[20927.671875],[30633.0]
956,[2211.636474609375],[20934.0]
957,[334.85845947265625],[23649.0]
958,[8732.2333984375],[37400.0]
959,[34741.69921875],[22493.0]
960,[16664.4140625],[30352.0]
961,[26679.6796875],[29841.0]
962,[10271.6982421875],[13999.0]
963,[39951.43359375],[24288.0]
964,[9576.0791015625],[38829.0]
965,[19499.587890625],[33861.0]
966,[18579.65625],[18259.0]
967,[20033.361328125],[39099.0]
968,[14148.078125],[35253.0]
969,[1797.651123046875],[29491.0]
970,[31597.595703125],[31171.0]
971,[34466.7109375],[26390.0]
972,[11865.1826171875],[17394.0]
973,[12376.1787109375],[32734.0]
974,[10936.923828125],[2464.0]
975,[23367.15234375],[54000.0]
976,[17544.4140625],[21482.0]
977,[29942.83203125],[26541.0]
978,[18869.041015625],[22336.0]
979,[26513.484375],[21874.0]
980,[28905.814453125],[38250.0]
981,[37594.09765625],[37043.0]
982,[22231.79296875],[21258.0]
983,[39022.94140625],[30064.0]
984,[12490.513671875],[22525.0]
985,[35072.4296875],[41900.0]
986,[25226.953125],[2906.0]
987,[23383.318359375],[26000.0]
988,[14435.466796875],[24414.0]
989,[9554.05078125],[26126.0]
990,[10415.1669921875],[30315.0]
991,[29772.85546875],[11999.0]
992,[25740.84765625],[59444.0]
993,[15411.6787109375],[11999.0]
994,[19315.41015625],[22900.0]
995,[27527.033203125],[20170.0]
996,[11102.4892578125],[48400.0]
997,[9435.318359375],[24780.0]
998,[38463.4453125],[36125.0]
999,[25470.919921875],[26500.0]
1000,[7957.9560546875],[29708.0]
1001,[28337.09375],[37368.0]
1002,[5234.52294921875],[38675.0]
1003,[11596.5126953125],[38114.0]
1004,[19428.17578125],[18785.0]
1005,[37864.54296875],[3599.0]
1006,[11565.5439453125],[21463.0]
1007,[2559.544921875],[25981.0]
1008,[12666.6181640625],[19978.0]
1009,[17278.865234375],[39940.0]
1010,[29164.93359375],[40233.0]
1011,[4193.15087890625],[40076.0]
1012,[9273.4765625],[31183.0]
1013,[5631.50439453125],[11648.0]
1014,[36238.01953125],[28135.0]
1015,[21125.55859375],[38343.0]
1016,[28073.6015625],[44400.0]
1017,[38137.03515625],[8500.0]
1018,[35660.87890625],[29750.0]
1019,[1977.7296142578125],[23907.0]
1020,[34960.16796875],[30156.0]
1021,[39113.05859375],[24851.0]
1022,[21899.92578125],[20999.0]
1023,[34218.17578125],[40596.0]
1024,[4118.642578125],[19808.0]
1025,[23415.169921875],[26912.0]
1026,[11212.1396484375],[26983.0]
1027,[22826.5390625],[34983.0]
1028,[28411.384765625],[30647.0]
1029,[33107.6953125],[32671.0]
1030,[16990.296875],[37539.0]
1031,[7170.28857421875],[24289.0]
1032,[37958.55078125],[49320.0]
1033,[21481.0],[27392.0]
1034,[13041.0537109375],[25277.0]
1035,[26442.10546875],[42507.0]
1036,[28202.41796875],[25313.0]
1037,[26714.02734375],[27223.0]
1038,[31786.890625],[12483.0]
1039,[25965.0546875],[42000.0]
1040,[9372.2216796875],[44400.0]
1041,[5539.91943359375],[28209.0]
1042,[37358.08984375],[1197.0]
1043,[27641.9609375],[21508.0]
1044,[36200.33203125],[22015.0]
1045,[10752.875],[21505.0]
1046,[23869.29296875],[33471.0]
1047,[29434.32421875],[21404.0]
1048,[5882.56982421875],[12000.0]
1049,[25006.404296875],[17188.0]
1050,[3011.26953125],[43168.0]
1051,[14163.7939453125],[26265.0]
1052,[26779.546875],[32352.0]
1053,[24494.0546875],[33324.0]
1054,[16417.6328125],[31022.0]
1055,[2842.228759765625],[6000.0]
1056,[2718.968994140625],[32458.0]
1057,[36310.90234375],[31970.0]
1058,[27615.71484375],[21374.0]
1059,[20428.4296875],[52777.0]
1060,[25747.205078125],[23888.0]
1061,[286.0225830078125],[19941.0]
1062,[3823.867919921875],[24023.0]
1063,[23893.078125],[6495.0]
1064,[38621.08984375],[11999.0]
1065,[6759.70751953125],[44557.0]
1066,[33018.84765625],[41992.0]
1067,[33102.4921875],[24021.0]
1068,[5530.45068359375],[18005.0]
1069,[15712.0126953125],[20999.0]
1070,[8210.53515625],[33224.0]
1071,[27507.14453125],[13999.0]
1072,[19445.76171875],[25052.0]
1073,[17859.62109375],[20476.0]
1074,[4898.44482421875],[32300.0]
1075,[34763.90234375],[42500.0]
1076,[19985.47265625],[10000.0]
1077,[9243.2900390625],[6250.0]
1078,[28215.41015625],[20315.0]
1079,[18768.296875],[63533.0]
1080,[18537.482421875],[18732.0]
1081,[19221.09375],[10730.0]
1082,[23612.943359375],[39974.0]
1083,[23186.74609375],[38150.0]
1084,[40413.78515625],[21253.0]
1085,[28731.4921875],[30940.0]
1086,[34777.46484375],[28692.0]
1087,[35334.078125],[37409.0]
1088,[40728.5],[36563.0]
1089,[27805.2578125],[11999.0]
1090,[23568.75390625],[39034.0]
1091,[38921.82421875],[26469.0]
1092,[1922.3094482421875],[41860.0]
1093,[17061.578125],[14790.0]
1094,[9680.2451171875],[23000.0]
1095,[35999.22265625],[3997.0]
1096,[26044.869140625],[19500.0]
1097,[18534.921875],[26406.0]
1098,[39206.23046875],[34620.0]
1099,[30016.08203125],[35555.0]
1100,[38650.91015625],[43900.0]
1101,[9153.787109375],[41000.0]
1102,[20853.9453125],[25267.0]
1103,[39958.9921875],[33140.0]
1104,[33817.16796875],[23266.0]
1105,[18699.2421875],[37527.0]
1106,[16167.2119140625],[19160.0]
1107,[27869.10546875],[11659.0]
1108,[13333.8212890625],[24498.0]
1109,[24886.86328125],[55000.0]
1110,[31437.369140625],[29550.0]
1111,[39956.46484375],[29644.0]
1112,[17734.26171875],[36850.0]
1113,[16101.0517578125],[25775.0]
1114,[33050.09765625],[30607.0]
1115,[22352.015625],[56666.0]
1116,[21791.6640625],[20721.0]
1117,[32266.83984375],[23690.0]
1118,[37492.32421875],[38284.0]
1119,[31584.486328125],[21867.0]
1120,[798.8538208007812],[31705.0]
1121,[20782.681640625],[29669.0]
1122,[20976.53515625],[17367.0]
1123,[31054.736328125],[10999.0]
1124,[13558.2822265625],[39151.0]
1125,[33524.40234375],[33846.0]
1126,[30361.125],[41898.0]
1127,[26920.466796875],[34405.0]
1128,[10083.2880859375],[21101.0]
1129,[35538.1640625],[22995.0]
1130,[29009.8359375],[27596.0]
1131,[28569.46484375],[20094.0]
1132,[14163.3759765625],[29796.0]
1133,[23404.65625],[26824.0]
1134,[1710.0118408203125],[15929.0]
1135,[14066.1435546875],[13951.0]
1136,[20372.7265625],[40466.0]
1137,[17646.244140625],[29033.0]
1138,[14682.9169921875],[9113.0]
1139,[8050.20361328125],[18871.0]
1140,[38070.75390625],[26290.0]
1141,[30764.25],[19839.0]
1142,[3001.958251953125],[18450.0]
1143,[25229.2265625],[48594.0]
1144,[1650.928955078125],[29370.0]
1145,[3001.365234375],[8377.0]
1146,[6331.22705078125],[36787.0]
1147,[6006.11962890625],[20622.0]
1148,[34056.03125],[34495.0]
1149,[29533.40625],[1959.0]
1150,[7181.869140625],[30869.0]
1151,[9483.3779296875],[23919.0]
1152,[11670.0361328125],[25823.0]
1153,[21962.7578125],[25900.0]
1154,[36738.77734375],[33715.0]
1155,[36851.38671875],[34362.0]
1156,[29928.84375],[11750.0]
1157,[12518.6142578125],[23000.0]
1158,[36758.15625],[25088.0]
1159,[4043.772705078125],[29608.0]
1160,[36411.5234375],[39683.0]
1161,[16746.62890625],[26575.0]
1162,[6588.78564453125],[18828.0]
1163,[5898.1240234375],[26154.0]
1164,[15947.3857421875],[30505.0]
1165,[9084.1865234375],[19995.0]
1166,[6681.18212890625],[28636.0]
1167,[32528.361328125],[10999.0]
1168,[14741.2529296875],[37585.0]
1169,[23792.46875],[31092.0]
1170,[18276.16015625],[41859.0]
1171,[4565.291015625],[34444.0]
1172,[39357.7890625],[37481.0]
1173,[27077.412109375],[6555.0]
1174,[30001.0390625],[42806.0]
1175,[13690.0947265625],[40687.0]
1176,[25632.48046875],[22900.0]
1177,[13619.7861328125],[26000.0]
1178,[24808.94140625],[12955.0]
1179,[12370.5625],[23414.0]
1180,[12252.8115234375],[23000.0]
1181,[5622.859375],[21996.0]
1182,[5372.69775390625],[24295.0]
1183,[14237.2587890625],[14741.0]
1184,[24661.35546875],[41939.0]
1185,[25403.9453125],[41120.0]
1186,[34574.69921875],[12764.0]
1187,[34796.44140625],[29900.0]
1188,[31617.91015625],[3700.0]
1189,[16213.0947265625],[38210.0]
1190,[4853.2890625],[24874.0]
1191,[4169.06201171875],[27587.0]
1192,[487.2610778808594],[8057.0]
1193,[24899.23828125],[18805.0]
1194,[19284.173828125],[24035.0]
1195,[39521.75390625],[27609.0]
1196,[12349.931640625],[30958.0]
1197,[6086.12060546875],[34792.0]
1198,[28573.69140625],[18625.0]
1199,[24046.61328125],[39444.0]
1200,[24843.93359375],[13014.0]
1201,[31737.6328125],[40609.0]
1202,[36645.0625],[24735.0]
1203,[22008.1328125],[22404.0]
1204,[5964.56494140625],[28656.0]
1205,[31571.3125],[47500.0]
1206,[34381.5703125],[23800.0]
1207,[19433.6328125],[19269.0]
1208,[6797.75146484375],[14000.0]
1209,[15020.7236328125],[36042.0]
1210,[23806.931640625],[19305.0]
1211,[37180.44140625],[24727.0]
1212,[13811.6083984375],[28394.0]
1213,[8069.56005859375],[24500.0]
1214,[25515.89453125],[41900.0]
1215,[25458.234375],[47261.0]
1216,[28592.29296875],[36463.0]
1217,[13083.3203125],[29482.0]
1218,[38786.2890625],[36869.0]
1219,[35636.34375],[43150.0]
1220,[8026.52392578125],[36176.0]
1221,[29814.65234375],[40118.0]
1222,[25119.578125],[29055.0]
1223,[24329.697265625],[15484.0]
1224,[24976.236328125],[8954.0]
1225,[597.3299560546875],[37000.0]
1226,[17213.60546875],[42500.0]
1227,[12584.0263671875],[28608.0]
1228,[39835.51953125],[37055.0]
1229,[10876.2392578125],[17232.0]
1230,[7648.72900390625],[27965.0]
1231,[34584.23828125],[21168.0]
1232,[8028.9013671875],[40672.0]
1233,[25738.15234375],[23466.0]
1234,[38347.7109375],[13861.0]
1235,[30804.56640625],[20567.0]
1236,[32118.421875],[16004.0]
1237,[19733.578125],[25925.0]
1238,[27166.7578125],[3808.0]
1239,[7263.93115234375],[35288.0]
1240,[11726.6572265625],[38914.0]
1241,[23592.40234375],[1400.0]
1242,[38603.76171875],[21165.0]
1243,[8658.076171875],[45900.0]
1244,[19794.15234375],[48373.0]
1245,[29173.22265625],[23292.0]
1246,[16772.24609375],[23333.0]
1247,[5430.48876953125],[25885.0]
1248,[39739.85546875],[59722.0]
1249,[36516.65234375],[34790.0]
1250,[17325.67578125],[32832.0]
1251,[38191.71484375],[11999.0]
1252,[39256.2109375],[21165.0]
1253,[37763.12109375],[39129.0]
1254,[20702.849609375],[18999.0]
1255,[32355.6328125],[32335.0]
1256,[34027.33203125],[6442.0]
1257,[4629.0380859375],[40839.0]
1258,[17531.861328125],[31937.0]
1259,[14169.3408203125],[29939.0]
1260,[23564.677734375],[29864.0]
1261,[20175.900390625],[66500.0]
1262,[25339.64453125],[50555.0]
1263,[6377.693359375],[16574.0]
1264,[32249.0859375],[26725.0]
1265,[19277.154296875],[28390.0]
1266,[998.2058715820312],[18580.0]
1267,[17533.61328125],[44650.0]
1268,[37136.48046875],[32685.0]
1269,[26632.150390625],[36500.0]
1270,[23008.78515625],[34191.0]
1271,[21141.98046875],[55000.0]
1272,[8919.7333984375],[38000.0]
1273,[23114.94140625],[9243.0]
1274,[10927.6025390625],[18811.0]
1275,[1499.81298828125],[20006.0]
1276,[27420.953125],[38423.0]
1277,[2174.49951171875],[10999.0]
1278,[3110.94677734375],[30000.0]
1279,[9489.1201171875],[24286.0]
1280,[33822.265625],[44900.0]
1281,[20843.79296875],[25006.0]
1282,[39909.83984375],[34762.0]
1283,[24770.158203125],[21362.0]
1284,[21234.94921875],[35400.0]
1285,[37622.84765625],[34392.0]
1286,[35073.05859375],[18611.0]
1287,[26207.9296875],[13657.0]
1288,[21148.859375],[47000.0]
1289,[6962.05322265625],[23340.0]
1290,[31596.923828125],[31156.0]
1291,[11794.5087890625],[17465.0]
1292,[24166.712890625],[22751.0]
1293,[820.2069091796875],[24627.0]
1294,[23177.83203125],[38000.0]
1295,[25997.32421875],[32226.0]
1296,[12209.71875],[44181.0]
1297,[16395.5234375],[38500.0]
1298,[33653.04296875],[21574.0]
1299,[19236.763671875],[31192.0]
1300,[24708.150390625],[20732.0]
1301,[12385.0302734375],[40525.0]
1302,[39373.72265625],[23847.0]
1303,[22463.14453125],[41768.0]
1304,[10731.7841796875],[21835.0]
1305,[38324.33984375],[43569.0]
1306,[21441.724609375],[33236.0]
1307,[29712.236328125],[15050.0]
1308,[38206.8046875],[32357.0]
1309,[29438.22265625],[26902.0]
1310,[12878.0517578125],[16250.0]
1311,[924.2179565429688],[27087.0]
1312,[29038.396484375],[43866.0]
1313,[20174.33203125],[4500.0]
1314,[24486.65234375],[40900.0]
1315,[3420.52197265625],[41222.0]
1316,[11903.5927734375],[35354.0]
1317,[18105.80859375],[11950.0]
1318,[35541.75390625],[37800.0]
1319,[12785.1767578125],[28969.0]
1320,[19017.546875],[8917.0]
1321,[19936.62109375],[38613.0]
1322,[12821.208984375],[29669.0]
1323,[1345.23388671875],[18035.0]
1324,[16112.740234375],[21627.0]
1325,[11855.5556640625],[49500.0]
1326,[3443.45703125],[61130.0]
1327,[40045.69140625],[49114.0]
1328,[31812.5078125],[45000.0]
1329,[13907.3916015625],[48000.0]
1330,[39010.91015625],[25626.0]
1331,[19603.322265625],[24027.0]
1332,[33454.85546875],[26224.0]
1333,[3511.892578125],[39900.0]
1334,[25299.93359375],[22928.0]
1335,[35324.37109375],[4225.0]
1336,[4452.42919921875],[41144.0]
1337,[28582.80078125],[50500.0]
1338,[263.0425720214844],[17125.0]
1339,[39289.2265625],[26741.0]
1340,[37550.6484375],[28886.0]
1341,[3117.08837890625],[30000.0]
1342,[36719.05078125],[35400.0]
1343,[36927.36328125],[23999.0]
1344,[3901.888671875],[36053.0]
1345,[33287.78515625],[20231.0]
1346,[22233.720703125],[76900.0]
1347,[6742.70166015625],[30260.0]
1348,[38117.86328125],[20343.0]
1349,[14842.8037109375],[11000.0]
1350,[16657.98046875],[36706.0]
1351,[6346.31884765625],[32597.0]
1352,[22821.265625],[26887.0]
1353,[5394.63916015625],[27965.0]
1354,[483.67413330078125],[33634.0]
1355,[4351.09521484375],[11350.0]
1356,[16962.6875],[5929.0]
1357,[13320.755859375],[33687.0]
1358,[4625.9453125],[38538.0]
1359,[12587.3720703125],[19991.0]
1360,[17476.1875],[15785.0]
1361,[36566.78515625],[27411.0]
1362,[23066.04296875],[19019.0]
1363,[5143.58837890625],[17671.0]
1364,[9014.951171875],[42376.0]
1365,[7216.4296875],[30090.0]
1366,[32470.669921875],[35500.0]
1367,[30978.751953125],[43134.0]
1368,[37349.30078125],[43150.0]
1369,[12480.2138671875],[35476.0]
1370,[13877.6435546875],[23182.0]
1371,[39858.73828125],[34685.0]
1372,[20718.9375],[6976.0]
1373,[9420.4833984375],[30614.0]
1374,[505.9159851074219],[25459.0]
1375,[12082.7978515625],[37330.0]
1376,[1158.010498046875],[24562.0]
1377,[22716.189453125],[24333.0]
1378,[35958.30859375],[4499.0]
1379,[39836.77734375],[16336.0]
1380,[30567.921875],[34189.0]
1381,[21762.333984375],[10919.0]
1382,[38074.71484375],[21440.0]
1383,[14535.6318359375],[24917.0]
1384,[34926.57421875],[16393.0]
1385,[21570.55078125],[26605.0]
1386,[5134.14306640625],[28469.0]
1387,[36152.19140625],[28000.0]
1388,[34805.30078125],[22304.0]
1389,[3943.6181640625],[22200.0]
1390,[8995.935546875],[38434.0]
1391,[22930.375],[24177.0]
1392,[10446.1728515625],[24366.0]
1393,[24783.876953125],[41326.0]
1394,[15809.712890625],[18200.0]
1395,[30709.19140625],[36962.0]
1396,[27759.9453125],[40880.0]
1397,[40559.109375],[32750.0]
1398,[28874.283203125],[28496.0]
1399,[36598.07421875],[1400.0]
1400,[14564.234375],[30400.0]
1401,[10031.9794921875],[41545.0]
1402,[2474.29296875],[37040.0]
1403,[24290.904296875],[70000.0]
1404,[26531.7890625],[36166.0]
1405,[13913.2060546875],[48000.0]
1406,[19139.890625],[40797.0]
1407,[24822.85546875],[35596.0]
1408,[21264.51953125],[10999.0]
1409,[9694.2021484375],[23216.0]
1410,[12048.8330078125],[27367.0]
1411,[18180.7265625],[30241.0]
1412,[35934.09765625],[23955.0]
1413,[11212.9990234375],[33313.0]
1414,[3171.20263671875],[7350.0]
1415,[30942.814453125],[12750.0]
1416,[35076.96875],[13525.0]
1417,[32072.943359375],[10999.0]
1418,[19740.546875],[20575.0]
1419,[28069.220703125],[54067.0]
1420,[31259.33984375],[16575.0]
1421,[23123.375],[20767.0]
1422,[29995.94140625],[17743.0]
1423,[31320.515625],[22568.0]
1424,[11443.51171875],[47180.0]
1425,[9688.7744140625],[42826.0]
1426,[30296.216796875],[22482.0]
1427,[22834.72265625],[31917.0]
1428,[26522.6875],[38931.0]
1429,[18070.1953125],[26902.0]
1430,[13580.8115234375],[4200.0]
1431,[27842.71875],[22208.0]
1432,[15689.080078125],[27965.0]
1433,[22768.1640625],[16845.0]
1434,[13577.7919921875],[4200.0]
1435,[3814.297607421875],[17038.0]
1436,[36971.91796875],[36533.0]
1437,[12500.2021484375],[38632.0]
1438,[40488.41796875],[27399.0]
1439,[18446.8359375],[27854.0]
1440,[22069.7421875],[27317.0]
1441,[23665.921875],[6000.0]
1442,[4569.29248046875],[33277.0]
1443,[34827.59765625],[18615.0]
1444,[33531.84765625],[6499.0]
1445,[11031.8876953125],[35150.0]
1446,[649.3115234375],[22000.0]
1447,[32237.62890625],[3055.0]
1448,[13821.9912109375],[3325.0]
1449,[7171.5068359375],[40594.0]
1450,[28451.59375],[45050.0]
1451,[26451.890625],[29989.0]
1452,[9095.9306640625],[25851.0]
1453,[26359.9453125],[28735.0]
1454,[39887.06640625],[38145.0]
1455,[6295.46533203125],[35481.0]
1456,[31543.462890625],[25025.0]
1457,[32194.02734375],[4200.0]
1458,[35358.79296875],[16150.0]
1459,[25516.447265625],[41202.0]
1460,[28729.294921875],[9957.0]
1461,[20953.20703125],[19040.0]
1462,[14245.3486328125],[28580.0]
1463,[26459.85546875],[39090.0]
1464,[29003.83984375],[23995.0]
1465,[10603.9248046875],[10999.0]
1466,[17487.12109375],[22331.0]
1467,[39894.78515625],[36641.0]
1468,[21540.69140625],[40918.0]
1469,[14301.189453125],[19656.0]
1470,[18185.4609375],[22615.0]
1471,[14613.1298828125],[16310.0]
1472,[6257.05908203125],[4690.0]
1473,[16991.0390625],[35976.0]
1474,[22206.97265625],[16000.0]
1475,[6323.37548828125],[4200.0]
1476,[33265.7109375],[30400.0]
1477,[13955.701171875],[42937.0]
1478,[11750.5830078125],[30747.0]
1479,[33365.09375],[29295.0]
1480,[2756.807373046875],[37878.0]
1481,[375.43646240234375],[38939.0]
1482,[39515.31640625],[41246.0]
1483,[2753.530029296875],[18700.0]
1484,[2119.616455078125],[31016.0]
1485,[33316.9765625],[22898.0]
1486,[12878.55859375],[29343.0]
1487,[21676.5390625],[27965.0]
1488,[20958.15625],[36629.0]
1489,[29396.91796875],[20329.0]
1490,[34165.078125],[24921.0]
1491,[1349.556396484375],[16671.0]
1492,[12812.6279296875],[29456.0]
1493,[20192.94921875],[20292.0]
1494,[34885.58203125],[32391.0]
1495,[94.91535949707031],[32221.0]
1496,[12890.900390625],[27988.0]
1497,[36177.04296875],[20539.0]
1498,[23492.6484375],[27327.0]
1499,[36340.6484375],[21007.0]
1500,[31827.4453125],[28500.0]
1501,[24097.19921875],[2700.0]
1502,[39353.44921875],[23828.0]
1503,[16397.42578125],[37899.0]
1504,[34505.6953125],[26000.0]
1505,[31135.16015625],[25628.0]
1506,[23965.951171875],[3333.0]
1507,[35342.59765625],[41241.0]
1508,[38777.48828125],[18190.0]
1509,[29935.19140625],[40839.0]
1510,[32725.33203125],[12433.0]
1511,[11362.9853515625],[29727.0]
1512,[3798.13671875],[38217.0]
1513,[15812.2958984375],[38675.0]
1514,[35927.796875],[15597.0]
1515,[1281.175048828125],[39415.0]
1516,[27733.9921875],[25662.0]
1517,[21553.09765625],[16661.0]
1518,[18686.23046875],[40099.0]
1519,[19771.236328125],[17288.0]
1520,[36503.80078125],[48900.0]
1521,[40519.80859375],[42250.0]
1522,[25814.4375],[2722.0]
1523,[3938.263427734375],[51373.0]
1524,[1685.58056640625],[28630.0]
1525,[32293.388671875],[45429.0]
1526,[38713.53515625],[32464.0]
1527,[18393.705078125],[20501.0]
1528,[3768.700927734375],[15384.0]
1529,[24819.18359375],[43000.0]
1530,[19487.265625],[36322.0]
1531,[9630.40625],[23000.0]
1532,[29595.271484375],[22205.0]
1533,[23734.865234375],[31410.0]
1534,[8975.8310546875],[23999.0]
1535,[36404.4453125],[29661.0]
1536,[1349.4921875],[36507.0]
1537,[310.9575500488281],[43837.0]
1538,[10135.3271484375],[34427.0]
1539,[39381.30859375],[9555.0]
1540,[37927.796875],[32767.0]
1541,[40325.84375],[30198.0]
1542,[39036.04296875],[7955.0]
1543,[20761.33203125],[30230.0]
1544,[6870.17626953125],[35039.0]
1545,[38321.4609375],[21267.0]
1546,[20014.587890625],[33329.0]
1547,[23978.03515625],[37084.0]
1548,[17618.5390625],[19939.0]
1549,[33325.59765625],[20360.0]
1550,[26140.892578125],[36715.0]
1551,[5351.61474609375],[27965.0]
1552,[22459.859375],[24238.0]
1553,[25045.2734375],[22389.0]
1554,[12220.857421875],[27182.0]
1555,[30021.181640625],[39619.0]
1556,[7747.1416015625],[26265.0]
1557,[22943.9921875],[6950.0]
1558,[26238.55078125],[35059.0]
1559,[17862.779296875],[39948.0]
1560,[31872.083984375],[2899.0]
1561,[27128.57421875],[12230.0]
1562,[33958.5078125],[35178.0]
1563,[35805.44921875],[35751.0]
1564,[4487.41845703125],[35600.0]
1565,[38660.66796875],[19706.0]
1566,[39288.28125],[24880.0]
1567,[24937.96875],[26583.0]
1568,[30554.26953125],[18379.0]
1569,[28004.0234375],[11599.0]
1570,[34846.51953125],[23161.0]
1571,[17389.31640625],[33825.0]
1572,[12820.7373046875],[25152.0]
1573,[30679.9453125],[22753.0]
1574,[20290.140625],[34692.0]
1575,[21893.47265625],[7440.0]
1576,[20002.33203125],[45463.0]
1577,[26527.48046875],[19813.0]
1578,[36552.16796875],[38803.0]
1579,[29833.96484375],[14024.0]
1580,[35478.94921875],[34584.0]
1581,[14407.16796875],[21011.0]
1582,[8406.9619140625],[42168.0]
1583,[1449.9222412109375],[11678.0]
1584,[7896.25439453125],[10503.0]
1585,[35597.52734375],[44993.0]
1586,[18803.1015625],[22133.0]
1587,[17475.720703125],[40057.0]
1588,[32337.0390625],[16478.0]
1589,[5621.46044921875],[17776.0]
1590,[11497.1044921875],[27588.0]
1591,[9915.3525390625],[38657.0]
1592,[36784.63671875],[20598.0]
1593,[37432.27734375],[47594.0]
1594,[28660.857421875],[1999.0]
1595,[37111.640625],[37076.0]
1596,[5254.30224609375],[24295.0]
1597,[770.8634033203125],[5541.0]
1598,[27282.419921875],[10955.0]
1599,[19159.01953125],[40718.0]
1600,[32996.921875],[23220.0]
1601,[11817.4951171875],[25285.0]
1602,[27239.98828125],[47152.0]
1603,[878.794921875],[37451.0]
1604,[3745.517822265625],[43612.0]
1605,[15910.185546875],[19278.0]
1606,[40026.77734375],[24896.0]
1607,[27529.78125],[27854.0]
1608,[2569.386474609375],[33171.0]
1609,[32236.380859375],[20999.0]
1610,[1380.551513671875],[13545.0]
1611,[3588.259033203125],[26322.0]
1612,[12999.9501953125],[17879.0]
1613,[22713.2578125],[23800.0]
1614,[22251.583984375],[20999.0]
1615,[21040.201171875],[23715.0]
1616,[23023.8828125],[26413.0]
1617,[31025.61328125],[14600.0]
1618,[7398.1884765625],[8401.0]
1619,[24374.9140625],[23878.0]
1620,[301.80010986328125],[23715.0]
1621,[40569.3828125],[29932.0]
1622,[28673.740234375],[43048.0]
1623,[10243.8583984375],[62500.0]
1624,[9634.2822265625],[38000.0]
1625,[30959.7578125],[27618.0]
1626,[30730.42578125],[33427.0]
1627,[18256.90234375],[11000.0]
1628,[23394.236328125],[33824.0]
1629,[10370.1005859375],[33732.0]
1630,[32812.671875],[43571.0]
1631,[34036.78125],[23885.0]
1632,[34905.703125],[31744.0]
1633,[20427.783203125],[29405.0]
1634,[5165.18115234375],[10837.0]
1635,[23287.55078125],[34288.0]
1636,[13199.1982421875],[20999.0]
1637,[8654.041015625],[35627.0]
1638,[13670.8505859375],[46657.0]
1639,[13415.7041015625],[17535.0]
1640,[32015.65625],[50000.0]
1641,[26334.400390625],[9149.0]
1642,[16802.86328125],[22733.0]
1643,[38997.7890625],[26747.0]
1644,[39465.86328125],[25101.0]
1645,[33113.74609375],[22377.0]
1646,[15712.6025390625],[54900.0]
1647,[24025.361328125],[34769.0]
1648,[19335.052734375],[32806.0]
1649,[21748.0625],[27327.0]
1650,[2107.42041015625],[20651.0]
1651,[25142.87890625],[13750.0]
1652,[27656.68359375],[22607.0]
1653,[40224.55078125],[31189.0]
1654,[25982.70703125],[42000.0]
1655,[3195.5224609375],[23290.0]
1656,[27174.6875],[29614.0]
1657,[39318.53515625],[23788.0]
1658,[16178.1552734375],[22405.0]
1659,[40475.6015625],[43400.0]
1660,[21851.76953125],[4999.0]
1661,[14030.0849609375],[40471.0]
1662,[37880.44921875],[6555.0]
1663,[31826.380859375],[22900.0]
1664,[1050.389892578125],[20442.0]
1665,[2607.857666015625],[11999.0]
1666,[15061.3779296875],[31915.0]
1667,[2310.775634765625],[28106.0]
1668,[13869.6064453125],[6200.0]
1669,[27277.6015625],[15197.0]
1670,[1335.65869140625],[31045.0]
1671,[7280.20556640625],[30352.0]
1672,[25756.34375],[21032.0]
1673,[23257.923828125],[34500.0]
1674,[19806.78515625],[21164.0]
1675,[760.9320678710938],[8458.0]
1676,[21767.34765625],[21247.0]
1677,[28967.51953125],[43160.0]
1678,[8207.2294921875],[23330.0]
1679,[18401.35546875],[27729.0]
1680,[1123.4639892578125],[11999.0]
1681,[26610.88671875],[36092.0]
1682,[20509.353515625],[17332.0]
1683,[38458.02734375],[37130.0]
1684,[35611.99609375],[34021.0]
1685,[9449.6572265625],[11353.0]
1686,[36705.25390625],[35864.0]
1687,[27880.5859375],[19579.0]
1688,[23786.11328125],[24213.0]
1689,[38940.98828125],[25998.0]
1690,[40541.80078125],[48150.0]
1691,[23066.033203125],[36876.0]
1692,[35916.3125],[21048.0]
1693,[3004.6005859375],[43373.0]
1694,[13507.0810546875],[23366.0]
1695,[28540.669921875],[40150.0]
1696,[9187.4365234375],[22928.0]
1697,[27358.345703125],[43650.0]
1698,[23296.6015625],[44900.0]
1699,[24740.0859375],[43175.0]
1700,[29370.25390625],[45050.0]
1701,[20981.6796875],[23715.0]
1702,[5650.04541015625],[24264.0]
1703,[33921.71484375],[47323.0]
1704,[26175.806640625],[32846.0]
1705,[15929.6552734375],[11083.0]
1706,[27706.9609375],[2499.0]
1707,[9012.9462890625],[30600.0]
1708,[37324.8671875],[33250.0]
1709,[16069.939453125],[22310.0]
1710,[38848.86328125],[25542.0]
1711,[26384.45703125],[52988.0]
1712,[10179.84765625],[71900.0]
1713,[36934.73828125],[14479.0]
1714,[6265.73779296875],[1400.0]
1715,[38782.67578125],[18827.0]
1716,[19534.501953125],[23935.0]
1717,[27985.80859375],[39779.0]
1718,[35624.66796875],[30515.0]
1719,[15241.2607421875],[34614.0]
1720,[30260.6328125],[40253.0]
1721,[20456.6328125],[36405.0]
1722,[14300.341796875],[27995.0]
1723,[3630.8369140625],[25431.0]
1724,[36253.80859375],[31920.0]
1725,[28106.4375],[64796.0]
1726,[38206.890625],[37750.0]
1727,[2823.327392578125],[34540.0]
1728,[5582.97607421875],[26345.0]
1729,[20710.880859375],[18999.0]
1730,[16032.3837890625],[19346.0]
1731,[9235.1416015625],[4740.0]
1732,[24040.541015625],[39444.0]
1733,[38133.19921875],[28100.0]
1734,[19086.845703125],[21734.0]
1735,[14341.4560546875],[35916.0]
1736,[21741.25],[36068.0]
1737,[36574.83203125],[19463.0]
1738,[13484.4384765625],[23000.0]
1739,[26483.51953125],[48500.0]
1740,[19093.845703125],[42212.0]
1741,[32578.673828125],[39964.0]
1742,[38787.0078125],[19040.0]
1743,[11295.0517578125],[27030.0]
1744,[8384.77734375],[26265.0]
1745,[28688.478515625],[38697.0]
1746,[21022.859375],[1954.0]
1747,[34202.2890625],[41295.0]
1748,[15477.5380859375],[27777.0]
1749,[12986.8896484375],[20326.0]
1750,[39548.79296875],[17213.0]
1751,[35365.53125],[35062.0]
1752,[7157.51806640625],[32113.0]
1753,[24189.740234375],[31853.0]
1754,[27088.38671875],[36772.0]
1755,[26123.216796875],[39251.0]
1756,[22667.373046875],[24931.0]
1757,[9320.1904296875],[42318.0]
1758,[16033.0947265625],[27738.0]
1759,[6375.63330078125],[28035.0]
1760,[19899.80859375],[27234.0]
1761,[26843.55078125],[31979.0]
1762,[21715.47265625],[25332.0]
1763,[21788.43359375],[24352.0]
1764,[162.8712921142578],[26914.0]
1765,[8674.5810546875],[17951.0]
1766,[22624.1328125],[30567.0]
1767,[6824.48291015625],[9000.0]
1768,[15569.8154296875],[18000.0]
1769,[34941.93359375],[27574.0]
1770,[5901.60693359375],[23788.0]
1771,[14428.2587890625],[29021.0]
1772,[9068.7255859375],[10999.0]
1773,[15929.6025390625],[12318.0]
1774,[37868.56640625],[22602.0]
1775,[11703.978515625],[27580.0]
1776,[24281.951171875],[20043.0]
1777,[10738.8623046875],[49500.0]
1778,[32127.5546875],[26654.0]
1779,[40062.96484375],[31439.0]
1780,[17597.107421875],[10999.0]
1781,[6629.72900390625],[31354.0]
1782,[35866.92578125],[20999.0]
1783,[25453.74609375],[36500.0]
1784,[35081.3125],[6555.0]
1785,[28291.16015625],[21684.0]
1786,[23378.970703125],[27327.0]
1787,[5344.33935546875],[22253.0]
1788,[28230.361328125],[23290.0]
1789,[3387.227294921875],[24163.0]
1790,[37877.9453125],[32072.0]
1791,[30288.16796875],[41897.0]
1792,[11561.087890625],[23304.0]
1793,[23588.232421875],[13999.0]
1794,[35768.4140625],[22750.0]
1795,[11997.6611328125],[43912.0]
1796,[32828.95703125],[27409.0]
1797,[9827.2529296875],[9704.0]
1798,[35746.30859375],[30800.0]
1799,[15449.701171875],[25374.0]
1800,[27540.802734375],[31291.0]
1801,[4854.64794921875],[25627.0]
1802,[1414.040283203125],[38722.0]
1803,[40076.63671875],[27327.0]
1804,[40025.83203125],[29774.0]
1805,[24909.626953125],[21027.0]
1806,[21267.2734375],[35455.0]
1807,[872.1422119140625],[21431.0]
1808,[37891.96875],[11375.0]
1809,[15956.208984375],[4000.0]
1810,[24716.81640625],[39180.0]
1811,[30618.31640625],[40792.0]
1812,[32180.1796875],[27653.0]
1813,[27766.939453125],[29152.0]
1814,[11505.712890625],[27375.0]
1815,[25224.71875],[13333.0]
1816,[10413.8837890625],[10999.0]
1817,[31554.25390625],[34854.0]
1818,[4893.771484375],[23869.0]
1819,[24017.984375],[10000.0]
1820,[21414.703125],[38662.0]
1821,[5338.67529296875],[30900.0]
1822,[20356.328125],[26265.0]
1823,[27700.66796875],[43150.0]
1824,[12176.2470703125],[26811.0]
1825,[16155.7138671875],[21474.0]
1826,[30961.205078125],[33286.0]
1827,[22444.15234375],[3702.0]
1828,[9400.60546875],[37456.0]
1829,[1580.8994140625],[21899.0]
1830,[25114.06640625],[21250.0]
1831,[20143.84765625],[21905.0]
1832,[34522.49609375],[53750.0]
1833,[22361.6640625],[19176.0]
1834,[32754.2734375],[47977.0]
1835,[13542.400390625],[45627.0]
1836,[2696.704833984375],[33900.0]
1837,[9687.4638671875],[24312.0]
1838,[8270.2578125],[39900.0]
1839,[15875.3310546875],[54900.0]
1840,[7974.2822265625],[35308.0]
1841,[10764.8193359375],[25356.0]
1842,[36123.80078125],[35399.0]
1843,[21187.44921875],[41672.0]
1844,[35032.44140625],[23188.0]
1845,[31592.89453125],[34308.0]
1846,[3514.160400390625],[22748.0]
1847,[38604.44140625],[31428.0]
1848,[31491.30859375],[28395.0]
1849,[26615.984375],[47650.0]
1850,[3719.800048828125],[25154.0]
1851,[5415.32470703125],[24748.0]
1852,[19563.88671875],[30059.0]
1853,[3697.78662109375],[30926.0]
1854,[12965.8291015625],[16416.0]
1855,[33960.32421875],[15681.0]
1856,[27596.60546875],[31173.0]
1857,[25166.384765625],[21287.0]
1858,[26589.68359375],[39191.0]
1859,[35927.44140625],[1497.0]
1860,[20447.08984375],[29405.0]
1861,[18693.216796875],[63500.0]
1862,[35551.81640625],[22622.0]
1863,[19707.365234375],[24560.0]
1864,[20968.21484375],[27540.0]
1865,[12918.3466796875],[25561.0]
1866,[39387.79296875],[32590.0]
1867,[19997.041015625],[22606.0]
1868,[39608.19921875],[5997.0]
1869,[5178.48193359375],[13699.0]
1870,[1871.84033203125],[14310.0]
1871,[18472.7109375],[21184.0]
1872,[25775.025390625],[22506.0]
1873,[31041.59765625],[42548.0]
1874,[2668.474365234375],[40450.0]
1875,[11874.607421875],[20166.0]
1876,[34006.47265625],[33633.0]
1877,[25656.30859375],[23300.0]
1878,[23808.951171875],[50263.0]
1879,[23197.095703125],[28770.0]
1880,[29384.5859375],[11879.0]
1881,[16692.548828125],[39635.0]
1882,[38835.34765625],[20421.0]
1883,[15112.2021484375],[20650.0]
1884,[32034.18359375],[45402.0]
1885,[30116.59375],[12482.0]
1886,[38840.79296875],[11557.0]
1887,[24045.9140625],[31111.0]
1888,[3429.189208984375],[20500.0]
1889,[14081.9404296875],[19674.0]
1890,[35628.40234375],[30538.0]
1891,[31567.0],[36919.0]
1892,[17093.802734375],[37795.0]
1893,[5177.43408203125],[15893.0]
1894,[3287.383056640625],[30214.0]
1895,[32108.412109375],[22922.0]
1896,[9450.2666015625],[29763.0]
1897,[1242.525634765625],[4000.0]
1898,[37140.2109375],[29240.0]
1899,[33997.50390625],[24834.0]
1900,[38991.51953125],[44487.0]
1901,[34287.078125],[29328.0]
1902,[7397.57177734375],[26836.0]
1903,[749.1246337890625],[1400.0]
1904,[13738.4521484375],[66685.0]
1905,[8315.521484375],[18689.0]
1906,[32027.078125],[44000.0]
1907,[37797.69921875],[21990.0]
1908,[25719.501953125],[38888.0]
1909,[18510.26171875],[26550.0]
1910,[1574.635498046875],[17911.0]
1911,[19338.31640625],[11999.0]
1912,[25579.36328125],[20594.0]
1913,[4604.19384765625],[9985.0]
1914,[39683.16796875],[19252.0]
1915,[7095.86376953125],[33071.0]
1916,[4031.422119140625],[28105.0]
1917,[34968.66015625],[35667.0]
1918,[29362.17578125],[22865.0]
1919,[38990.19140625],[36808.0]
1920,[2354.434326171875],[25530.0]
1921,[23044.36328125],[28227.0]
1922,[6119.7958984375],[25044.0]
1923,[35740.2890625],[22867.0]
1924,[38025.890625],[2997.0]
1925,[11198.037109375],[11950.0]
1926,[28260.025390625],[32538.0]
1927,[32584.00390625],[37741.0]
1928,[5097.5908203125],[20133.0]
1929,[33947.19140625],[16694.0]
1930,[29213.943359375],[2882.0]
1931,[22398.173828125],[20345.0]
1932,[25831.94140625],[13643.0]
1933,[30764.728515625],[38056.0]
1934,[36020.52734375],[27643.0]
1935,[11244.6689453125],[39639.0]
1936,[13559.9794921875],[44650.0]
1937,[12991.5751953125],[35323.0]
1938,[31540.3125],[33427.0]
1939,[10261.6572265625],[22330.0]
1940,[1572.013671875],[21182.0]
1941,[13486.2021484375],[6500.0]
1942,[31843.40234375],[23932.0]
1943,[18892.38671875],[22931.0]
1944,[38764.09765625],[31125.0]
1945,[16842.4765625],[28691.0]
1946,[38318.53125],[7597.0]
1947,[26835.37890625],[35500.0]
1948,[37400.71875],[44000.0]
1949,[16737.166015625],[37093.0]
1950,[10042.0166015625],[34100.0]
1951,[33934.04296875],[21444.0]
1952,[30812.671875],[49500.0]
1953,[33530.83984375],[10511.0]
1954,[6841.97509765625],[23995.0]
1955,[7000.501953125],[41881.0]
1956,[2700.81591796875],[35374.0]
1957,[21555.326171875],[3719.0]
1958,[19858.6015625],[36617.0]
1959,[8100.75830078125],[30081.0]
1960,[8497.0068359375],[11999.0]
1961,[15463.4697265625],[22401.0]
1962,[24601.638671875],[17222.0]
1963,[9889.3203125],[30629.0]
1964,[36350.90234375],[19817.0]
1965,[3499.741455078125],[10426.0]
1966,[28656.84375],[29903.0]
1967,[36698.76953125],[34444.0]
1968,[29438.72265625],[22820.0]
1969,[30181.8046875],[22258.0]
1970,[14860.4501953125],[37848.0]
1971,[37738.84765625],[17018.0]
1972,[37099.90234375],[36729.0]
1973,[12671.8740234375],[28390.0]
1974,[36721.05078125],[49787.0]
1975,[17397.265625],[19256.0]
1976,[15053.052734375],[35688.0]
1977,[34036.7265625],[20628.0]
1978,[7565.76416015625],[19776.0]
1979,[4780.77587890625],[18999.0]
1980,[33057.19921875],[45000.0]
1981,[38924.4921875],[4117.0]
1982,[23441.8828125],[29744.0]
1983,[1325.467041015625],[31503.0]
1984,[9189.4716796875],[40701.0]
1985,[19083.701171875],[39403.0]
1986,[21791.380859375],[35519.0]
1987,[11191.3505859375],[16637.0]
1988,[37468.421875],[34589.0]
1989,[27688.380859375],[41922.0]
1990,[4257.18408203125],[40888.0]
1991,[20897.33203125],[27675.0]
1992,[13264.2431640625],[38056.0]
1993,[24928.232421875],[27694.0]
1994,[3097.585693359375],[36795.0]
1995,[32568.0703125],[30121.0]
1996,[33481.42578125],[47533.0]
1997,[8285.048828125],[32372.0]
1998,[8480.1298828125],[5400.0]
1999,[23767.875],[1199.0]
2000,[10923.2197265625],[29835.0]
2001,[26899.87890625],[20182.0]
2002,[31319.845703125],[29575.0]
2003,[30922.4140625],[27502.0]
2004,[19663.53515625],[39150.0]
2005,[2370.185791015625],[6000.0]
2006,[11011.7890625],[18810.0]
2007,[34148.01953125],[28238.0]
2008,[20799.125],[10999.0]
2009,[12182.6025390625],[32236.0]
2010,[29283.50390625],[40699.0]
2011,[33018.31640625],[33518.0]
2012,[26199.75390625],[38200.0]
2013,[5666.33642578125],[18042.0]
2014,[27579.08203125],[35448.0]
2015,[27667.02734375],[36794.0]
2016,[13396.7646484375],[27512.0]
2017,[1934.3087158203125],[27811.0]
2018,[11307.580078125],[30793.0]
2019,[40103.49609375],[48850.0]
2020,[7111.88427734375],[29090.0]
2021,[32798.08984375],[34926.0]
2022,[12624.7822265625],[28899.0]
2023,[24397.775390625],[32836.0]
2024,[25468.5390625],[35500.0]
2025,[10643.84765625],[26649.0]
2026,[24320.50390625],[19231.0]
2027,[4249.66162109375],[41900.0]
2028,[30022.947265625],[23202.0]
2029,[658.6600341796875],[17125.0]
2030,[10550.0869140625],[26902.0]
2031,[14827.564453125],[6500.0]
2032,[10931.615234375],[44400.0]
2033,[24944.40234375],[23472.0]
2034,[23999.48828125],[25000.0]
2035,[9309.1376953125],[25596.0]
2036,[5119.78955078125],[29920.0]
2037,[36446.0390625],[34762.0]
2038,[24794.193359375],[22508.0]
2039,[6152.03076171875],[2500.0]
2040,[2572.5322265625],[23495.0]
2041,[28376.73828125],[45407.0]
2042,[12045.9541015625],[27506.0]
2043,[9406.53515625],[19464.0]
2044,[29630.47265625],[32613.0]
2045,[12640.6728515625],[25041.0]
2046,[36700.6328125],[25607.0]
2047,[12304.916015625],[21017.0]
2048,[541.1279296875],[3450.0]
2049,[31681.095703125],[44162.0]
2050,[35543.484375],[5200.0]
2051,[37585.10546875],[41400.0]
2052,[38824.00390625],[39534.0]
2053,[26936.63671875],[28310.0]
2054,[7068.31201171875],[33783.0]
2055,[11928.6025390625],[15450.0]
2056,[37897.58203125],[34827.0]
2057,[1731.91943359375],[19995.0]
2058,[33526.6328125],[57500.0]
2059,[673.18408203125],[17125.0]
2060,[15106.865234375],[24040.0]
2061,[9909.6923828125],[38279.0]
2062,[26950.67578125],[16354.0]
2063,[3329.293701171875],[23202.0]
2064,[8497.7021484375],[29672.0]
2065,[39618.17578125],[10200.0]
2066,[2674.6845703125],[26400.0]
2067,[10800.2509765625],[26900.0]
2068,[27907.62890625],[38701.0]
2069,[8468.1728515625],[33649.0]
2070,[3103.539306640625],[39955.0]
2071,[23172.546875],[23420.0]
2072,[1949.422119140625],[5964.0]
2073,[12078.4912109375],[12161.0]
2074,[39944.921875],[1999.0]
2075,[19031.62890625],[32300.0]
2076,[32012.677734375],[29207.0]
2077,[10020.7744140625],[41166.0]
2078,[11904.228515625],[42891.0]
2079,[37938.3359375],[23999.0]
2080,[10320.8466796875],[28369.0]
2081,[11844.7919921875],[39400.0]
2082,[2989.389404296875],[12382.0]
2083,[34051.7265625],[26899.0]
2084,[38279.2578125],[33758.0]
2085,[29520.80859375],[17235.0]
2086,[16524.37890625],[20114.0]
2087,[1022.3095703125],[24779.0]
2088,[36671.16015625],[31034.0]
2089,[29017.375],[26633.0]
2090,[8101.47216796875],[31753.0]
2091,[3136.065673828125],[27103.0]
2092,[38530.078125],[42285.0]
2093,[24404.01171875],[24785.0]
2094,[12699.271484375],[33148.0]
2095,[11466.5537109375],[5000.0]
2096,[6793.70947265625],[3500.0]
2097,[34659.94921875],[11999.0]
2098,[16756.140625],[27327.0]
2099,[33533.73828125],[34630.0]
2100,[14319.404296875],[31487.0]
2101,[16245.7626953125],[39437.0]
2102,[31504.130859375],[33428.0]
2103,[26361.44140625],[14999.0]
2104,[31167.7109375],[18774.0]
2105,[19973.9765625],[15000.0]
2106,[36916.41015625],[37400.0]
2107,[16517.30078125],[22000.0]
2108,[1131.3409423828125],[18999.0]
2109,[31314.021484375],[27391.0]
2110,[2771.918212890625],[28535.0]
2111,[2305.649658203125],[38892.0]
2112,[34824.4296875],[18275.0]
2113,[7217.25],[37987.0]
2114,[27983.11328125],[20926.0]
2115,[1934.11865234375],[38000.0]
2116,[29213.60546875],[3709.0]
2117,[6402.03173828125],[1400.0]
2118,[4631.38330078125],[19995.0]
2119,[144.24044799804688],[31033.0]
2120,[14086.013671875],[39969.0]
2121,[37776.84765625],[16877.0]
2122,[32760.849609375],[40665.0]
2123,[21392.26953125],[22268.0]
2124,[16785.1640625],[23333.0]
2125,[35353.09765625],[45863.0]
2126,[8089.88134765625],[34364.0]
2127,[29817.521484375],[40576.0]
2128,[37647.328125],[16895.0]
2129,[7588.208984375],[31500.0]
2130,[6372.423828125],[20395.0]
2131,[319.8167724609375],[21629.0]
2132,[2547.18359375],[21803.0]
2133,[18551.611328125],[29900.0]
2134,[34842.9765625],[18275.0]
2135,[27355.125],[20755.0]
2136,[12329.4931640625],[19995.0]
2137,[8369.9365234375],[40632.0]
2138,[2228.813720703125],[15120.0]
2139,[4070.119384765625],[38000.0]
2140,[827.8804931640625],[22511.0]
2141,[413.1243896484375],[29230.0]
2142,[24225.544921875],[28484.0]
2143,[37144.18359375],[32852.0]
2144,[25700.57421875],[27383.0]
2145,[29459.361328125],[38095.0]
2146,[4552.72265625],[26522.0]
2147,[3022.954833984375],[36564.0]
2148,[19707.41015625],[23936.0]
2149,[22748.34765625],[34500.0]
2150,[35346.62109375],[27799.0]
2151,[7052.7060546875],[28388.0]
2152,[17422.58203125],[17079.0]
2153,[16380.2109375],[38000.0]
2154,[17616.828125],[22484.0]
2155,[27275.509765625],[44000.0]
2156,[21810.3984375],[17319.0]
2157,[37408.48046875],[33188.0]
2158,[34855.30078125],[25655.0]
2159,[18302.595703125],[30240.0]
2160,[17119.46875],[40663.0]
2161,[21459.037109375],[40930.0]
2162,[9096.2705078125],[36531.0]
2163,[27522.201171875],[26343.0]
2164,[39234.796875],[41351.0]
2165,[21471.078125],[14029.0]
2166,[6109.27783203125],[25680.0]
2167,[1067.71533203125],[34456.0]
2168,[19507.046875],[32006.0]
2169,[10630.255859375],[20225.0]
2170,[35725.2109375],[5557.0]
2171,[35743.78515625],[38028.0]
2172,[22770.580078125],[16552.0]
2173,[20270.48046875],[39320.0]
2174,[21674.69921875],[54501.0]
2175,[1083.89404296875],[32300.0]
2176,[28635.03125],[10162.0]
2177,[4224.494140625],[3586.0]
2178,[29474.3515625],[31727.0]
2179,[29377.84765625],[12162.0]
2180,[17123.78125],[20210.0]
2181,[11443.1484375],[10000.0]
2182,[10554.712890625],[11146.0]
2183,[2087.79931640625],[10523.0]
2184,[25365.888671875],[50000.0]
2185,[37368.15625],[42882.0]
2186,[23074.74609375],[14148.0]
2187,[663.9012451171875],[17577.0]
2188,[6673.89111328125],[28636.0]
2189,[36962.03515625],[16313.0]
2190,[8193.9638671875],[35695.0]
2191,[14693.494140625],[20863.0]
2192,[30091.806640625],[36776.0]
2193,[23080.6875],[28800.0]
2194,[3739.928466796875],[44865.0]
2195,[37781.69921875],[40244.0]
2196,[4282.017578125],[36921.0]
2197,[35033.30078125],[19697.0]
2198,[20215.7109375],[15258.0]
2199,[13550.8525390625],[34984.0]
2200,[1223.25],[20999.0]
2201,[5649.419921875],[32383.0]
2202,[5907.3896484375],[25476.0]
2203,[25347.203125],[10500.0]
2204,[39853.50390625],[33855.0]
2205,[27557.51953125],[29932.0]
2206,[36320.3828125],[61000.0]
2207,[9032.1318359375],[42135.0]
2208,[24236.234375],[50348.0]
2209,[9273.931640625],[24961.0]
2210,[13264.7333984375],[30820.0]
2211,[3330.33447265625],[41567.0]
2212,[8795.7568359375],[10999.0]
2213,[8701.5361328125],[47400.0]
2214,[25926.787109375],[27477.0]
2215,[35222.73046875],[26034.0]
2216,[10777.171875],[22210.0]
2217,[27723.669921875],[10950.0]
2218,[10160.705078125],[24328.0]
2219,[18663.6171875],[26987.0]
2220,[28672.8828125],[11805.0]
2221,[17607.220703125],[16154.0]
2222,[37317.9375],[46819.0]
2223,[20931.318359375],[30438.0]
2224,[569.1826171875],[6375.0]
2225,[2205.695556640625],[19867.0]
2226,[31453.87109375],[18603.0]
2227,[2471.93017578125],[18700.0]
2228,[7766.41015625],[43400.0]
2229,[12593.8876953125],[26477.0]
2230,[27365.5390625],[38261.0]
2231,[37378.91015625],[46500.0]
2232,[9150.5732421875],[34500.0]
2233,[21970.015625],[38272.0]
2234,[32581.2578125],[35036.0]
2235,[11581.615234375],[26477.0]
2236,[34989.62109375],[28209.0]
2237,[3485.521240234375],[4000.0]
2238,[10985.826171875],[38000.0]
2239,[23892.71875],[31837.0]
2240,[25004.65234375],[26543.0]
2241,[19266.728515625],[20691.0]
2242,[1483.4609375],[11643.0]
2243,[19870.40625],[31387.0]
2244,[13228.2822265625],[18802.0]
2245,[40669.73828125],[14568.0]
2246,[30166.05078125],[18999.0]
2247,[15000.4921875],[36445.0]
2248,[18253.51953125],[16000.0]
2249,[15231.7548828125],[29265.0]
2250,[24798.5859375],[26690.0]
2251,[20853.65234375],[28332.0]
2252,[6921.90478515625],[30500.0]
2253,[21701.71484375],[2410.0]
2254,[4695.162109375],[34431.0]
2255,[34425.59765625],[49150.0]
2256,[37945.01953125],[24625.0]
2257,[4757.998046875],[20999.0]
2258,[18801.3671875],[18969.0]
2259,[18680.041015625],[27558.0]
2260,[16744.7109375],[23333.0]
2261,[33821.94921875],[31596.0]
2262,[20786.029296875],[5225.0]
2263,[18086.970703125],[13300.0]
2264,[23428.66796875],[23808.0]
2265,[36254.13671875],[30668.0]
2266,[39365.109375],[41400.0]
2267,[28195.88671875],[51499.0]
2268,[22686.93359375],[13349.0]
2269,[32939.83984375],[19946.0]
2270,[5608.12451171875],[25123.0]
2271,[37857.39453125],[70555.0]
2272,[29248.24609375],[34995.0]
2273,[7947.99609375],[27040.0]
2274,[12764.8681640625],[17243.0]
2275,[38544.62109375],[25159.0]
2276,[25166.404296875],[42174.0]
2277,[8694.4208984375],[24311.0]
2278,[33568.37890625],[34294.0]
2279,[33735.06640625],[6000.0]
2280,[6296.34228515625],[19955.0]
2281,[4801.12451171875],[30732.0]
2282,[37151.09765625],[32852.0]
2283,[37836.6796875],[42348.0]
2284,[25704.509765625],[25455.0]
2285,[18422.544921875],[47900.0]
2286,[38456.91796875],[26767.0]
2287,[2774.541015625],[37182.0]
2288,[37018.8125],[26454.0]
2289,[38754.14453125],[37599.0]
2290,[5538.4638671875],[16698.0]
2291,[13541.8583984375],[2300.0]
2292,[27239.591796875],[5555.0]
2293,[12217.4580078125],[10000.0]
2294,[30705.048828125],[34774.0]
2295,[8293.994140625],[1400.0]
2296,[29260.08984375],[43061.0]
2297,[24775.796875],[7507.0]
2298,[10415.6328125],[27492.0]
2299,[13302.646484375],[11999.0]
2300,[4408.78076171875],[26904.0]
2301,[32865.828125],[38278.0]
2302,[11400.9580078125],[52830.0]
2303,[39791.03515625],[28457.0]
2304,[34026.8203125],[2997.0]
2305,[28676.251953125],[21226.0]
2306,[35267.57421875],[30371.0]
2307,[6455.94091796875],[42150.0]
2308,[38024.01953125],[51195.0]
2309,[10174.7939453125],[60500.0]
2310,[39748.88671875],[31907.0]
2311,[9213.4267578125],[42969.0]
2312,[35418.25],[28293.0]
2313,[20092.37109375],[31377.0]
2314,[36077.91796875],[26729.0]
2315,[39897.2109375],[41900.0]
2316,[21744.15625],[26477.0]
2317,[37840.83203125],[2999.0]
2318,[30310.48046875],[11818.0]
2319,[2319.727294921875],[29222.0]
2320,[40120.0703125],[30618.0]
2321,[2909.925048828125],[10000.0]
2322,[23399.787109375],[39900.0]
2323,[10150.2255859375],[24597.0]
2324,[37357.75390625],[25642.0]
2325,[7390.21142578125],[27828.0]
2326,[18168.8984375],[20917.0]
2327,[24117.52734375],[2413.0]
2328,[20632.111328125],[10999.0]
2329,[28823.1953125],[26486.0]
2330,[5109.88720703125],[30326.0]
2331,[8191.12158203125],[13533.0]
2332,[34426.41796875],[42900.0]
2333,[8966.5888671875],[44650.0]
2334,[9264.7392578125],[41054.0]
2335,[13537.90234375],[2700.0]
2336,[10843.462890625],[31960.0]
2337,[2528.043212890625],[19995.0]
2338,[24929.009765625],[16083.0]
2339,[14786.18359375],[42400.0]
2340,[616.1380615234375],[17500.0]
2341,[9880.1005859375],[18129.0]
2342,[37392.65234375],[42000.0]
2343,[13949.529296875],[18200.0]
2344,[30766.34765625],[16267.0]
2345,[1151.8828125],[15987.0]
2346,[15285.990234375],[25840.0]
2347,[31045.3203125],[33223.0]
2348,[10180.3935546875],[26265.0]
2349,[37494.2890625],[26231.0]
2350,[1756.9222412109375],[33601.0]
2351,[34823.015625],[25910.0]
2352,[23217.05078125],[2602.0]
2353,[39832.20703125],[32500.0]
2354,[15426.142578125],[54900.0]
2355,[28799.93359375],[45750.0]
2356,[37041.125],[26750.0]
2357,[36825.92578125],[49000.0]
2358,[27643.888671875],[42704.0]
2359,[35503.84375],[37900.0]
2360,[17023.708984375],[37214.0]
2361,[17182.96484375],[24375.0]
2362,[22880.97265625],[27579.0]
2363,[25823.875],[26500.0]
2364,[37653.08203125],[30750.0]
2365,[20589.8828125],[38403.0]
2366,[40083.84375],[23995.0]
2367,[38098.00390625],[57534.0]
2368,[15232.0185546875],[40520.0]
2369,[38298.48828125],[28865.0]
2370,[32852.0703125],[38655.0]
2371,[35740.27734375],[29843.0]
2372,[38407.01953125],[34156.0]
2373,[7886.822265625],[33760.0]
2374,[13757.54296875],[1350.0]
2375,[15339.95703125],[3200.0]
2376,[37893.19140625],[44728.0]
2377,[25068.611328125],[40079.0]
2378,[9950.7919921875],[39900.0]
2379,[19712.97265625],[22070.0]
2380,[17608.2421875],[10999.0]
2381,[6301.18896484375],[33304.0]
2382,[18046.896484375],[32993.0]
2383,[19168.548828125],[34995.0]
2384,[31891.1484375],[64120.0]
2385,[1294.353759765625],[23044.0]
2386,[11124.37890625],[20094.0]
2387,[15248.5205078125],[24875.0]
2388,[32228.35546875],[35949.0]
2389,[15594.3818359375],[18000.0]
2390,[14156.8486328125],[30108.0]
2391,[36930.52734375],[10999.0]
2392,[1862.221435546875],[10999.0]
2393,[10029.2451171875],[37315.0]
2394,[5147.69091796875],[24967.0]
2395,[9889.9716796875],[34776.0]
2396,[35919.6640625],[1379.0]
2397,[12000.4375],[26690.0]
2398,[13669.8095703125],[18259.0]
2399,[13416.1640625],[24789.0]
2400,[30905.5078125],[17340.0]
2401,[36111.3125],[15250.0]
2402,[12977.5615234375],[19279.0]
2403,[32645.634765625],[49553.0]
2404,[16663.6953125],[28368.0]
2405,[11643.8955078125],[24192.0]
2406,[7408.740234375],[40400.0]
2407,[17338.03515625],[31841.0]
2408,[21282.39453125],[32488.0]
2409,[35334.67578125],[24805.0]
2410,[17254.892578125],[43386.0]
2411,[14421.0546875],[22160.0]
2412,[8050.3984375],[17633.0]
2413,[13409.6474609375],[20120.0]
2414,[39849.50390625],[31338.0]
2415,[19985.072265625],[38675.0]
2416,[30878.80859375],[44150.0]
2417,[9907.958984375],[42900.0]
2418,[21273.41796875],[18006.0]
2419,[20445.169921875],[36405.0]
2420,[252.51699829101562],[18890.0]
2421,[37256.66796875],[28535.0]
2422,[6711.47998046875],[16561.0]
2423,[26281.587890625],[26930.0]
2424,[19810.82421875],[26277.0]
2425,[3004.237060546875],[42726.0]
2426,[12568.7509765625],[42870.0]
2427,[20018.0859375],[23995.0]
2428,[9028.326171875],[30393.0]
2429,[12101.3876953125],[37877.0]
2430,[14507.3720703125],[21674.0]
2431,[24917.17578125],[21361.0]
2432,[438.8027038574219],[19276.0]
2433,[3195.014892578125],[43650.0]
2434,[39790.91015625],[44280.0]
2435,[8694.4287109375],[28815.0]
2436,[13360.1767578125],[3700.0]
2437,[24714.2421875],[29798.0]
2438,[40481.0],[28252.0]
2439,[25347.76953125],[31914.0]
2440,[15588.240234375],[18000.0]
2441,[19248.1171875],[2979.0]
2442,[3824.534912109375],[36704.0]
2443,[32902.20703125],[17123.0]
2444,[9582.3798828125],[26350.0]
2445,[1074.8450927734375],[28435.0]
2446,[1436.27685546875],[19165.0]
2447,[22768.26953125],[30496.0]
2448,[29767.91015625],[24924.0]
2449,[19170.060546875],[34216.0]
2450,[25841.1015625],[9388.0]
2451,[11222.0751953125],[6500.0]
2452,[37645.73828125],[10219.0]
2453,[14183.2294921875],[35594.0]
2454,[18475.4296875],[19631.0]
2455,[2349.363525390625],[16952.0]
2456,[37077.78515625],[35716.0]
2457,[2667.932861328125],[23290.0]
2458,[37456.87109375],[33923.0]
2459,[24864.1015625],[11500.0]
2460,[5545.62060546875],[16950.0]
2461,[8978.0849609375],[30900.0]
2462,[38512.1171875],[29066.0]
2463,[34047.06640625],[19032.0]
2464,[11827.1650390625],[37120.0]
2465,[29489.814453125],[19400.0]
2466,[21937.927734375],[26332.0]
2467,[7333.7451171875],[28500.0]
2468,[23519.30859375],[21533.0]
2469,[14501.7626953125],[18561.0]
2470,[16812.203125],[39865.0]
2471,[1515.13134765625],[32047.0]
2472,[10784.1787109375],[20093.0]
2473,[32166.798828125],[24722.0]
2474,[37682.77734375],[23089.0]
2475,[3234.228515625],[43050.0]
2476,[39035.09765625],[7955.0]
2477,[18910.9609375],[25222.0]
2478,[7437.20458984375],[27455.0]
2479,[6687.10791015625],[28636.0]
2480,[33156.6640625],[36950.0]
2481,[31276.4375],[29392.0]
2482,[18731.806640625],[27617.0]
2483,[28714.908203125],[64995.0]
2484,[4210.65478515625],[16875.0]
2485,[35315.63671875],[23750.0]
2486,[11299.9765625],[42500.0]
2487,[20263.74609375],[20172.0]
2488,[31479.65234375],[28991.0]
2489,[6255.99609375],[11307.0]
2490,[20494.69140625],[9190.0]
2491,[10628.0615234375],[34646.0]
2492,[2360.936767578125],[22513.0]
2493,[11982.5263671875],[15500.0]
2494,[40793.62109375],[42000.0]
2495,[11763.8369140625],[27925.0]
2496,[15160.3798828125],[34282.0]
2497,[24027.736328125],[35720.0]
2498,[13288.0849609375],[43650.0]
2499,[4926.61767578125],[39317.0]
2500,[11847.4921875],[49214.0]
2501,[39403.4921875],[50143.0]
2502,[29829.11328125],[35336.0]
2503,[7978.88232421875],[33259.0]
2504,[26727.73828125],[40576.0]
2505,[38835.72265625],[10999.0]
2506,[10465.8701171875],[18762.0]
2507,[12135.80078125],[33216.0]
2508,[39690.32421875],[29863.0]
2509,[12065.8369140625],[24913.0]
2510,[13300.0048828125],[3700.0]
2511,[13045.2314453125],[27900.0]
2512,[13148.3857421875],[35173.0]
2513,[3189.33056640625],[10000.0]
2514,[19235.88671875],[5166.0]
2515,[20474.75390625],[21098.0]
2516,[3001.484130859375],[43196.0]
2517,[3429.40478515625],[31102.0]
2518,[33556.75390625],[34189.0]
2519,[2555.785400390625],[13494.0]
2520,[32252.396484375],[45750.0]
2521,[372.896728515625],[11999.0]
2522,[13236.4658203125],[21226.0]
2523,[23352.744140625],[31790.0]
2524,[18092.92578125],[11950.0]
2525,[7116.7666015625],[27526.0]
2526,[39208.890625],[37081.0]
2527,[26746.166015625],[35298.0]
2528,[13707.2080078125],[46489.0]
2529,[14966.9970703125],[28710.0]
2530,[28474.578125],[45050.0]
2531,[39247.36328125],[21165.0]
2532,[27337.515625],[30932.0]
2533,[15726.583984375],[1100.0]
2534,[5863.90087890625],[35911.0]
2535,[7413.94384765625],[27174.0]
2536,[9990.1845703125],[13925.0]
2537,[33336.5546875],[44511.0]
2538,[20782.0859375],[6163.0]
2539,[13631.1318359375],[12284.0]
2540,[7157.81396484375],[43161.0]
2541,[19860.09375],[37150.0]
2542,[12651.09375],[30506.0]
2543,[30094.9453125],[4494.0]
2544,[12261.451171875],[19377.0]
2545,[8230.5224609375],[32031.0]
2546,[39389.83203125],[8999.0]
2547,[7858.01220703125],[71750.0]
2548,[25632.01171875],[31621.0]
2549,[26796.142578125],[41560.0]
2550,[1078.702392578125],[39388.0]
2551,[38964.19921875],[4999.0]
2552,[36273.62109375],[28800.0]
2553,[13365.5478515625],[5700.0]
2554,[31206.326171875],[42723.0]
2555,[12026.1044921875],[66500.0]
2556,[29379.96875],[12616.0]
2557,[30305.546875],[32300.0]
2558,[15267.412109375],[4200.0]
2559,[31405.66796875],[33636.0]
2560,[18085.7734375],[41000.0]
2561,[15070.9111328125],[35053.0]
2562,[3689.091796875],[45000.0]
2563,[4500.20166015625],[26237.0]
2564,[34322.6484375],[39430.0]
2565,[22558.095703125],[37000.0]
2566,[25720.40625],[34444.0]
2567,[19940.86328125],[7000.0]
2568,[6873.41845703125],[10250.0]
2569,[24921.19921875],[34472.0]
2570,[38332.69921875],[21977.0]
2571,[28144.2890625],[33990.0]
2572,[3730.762939453125],[45923.0]
2573,[6811.1259765625],[40574.0]
2574,[25103.59765625],[24107.0]
2575,[22992.71875],[30250.0]
2576,[32854.73828125],[38000.0]
2577,[39915.81640625],[39057.0]
2578,[18975.0625],[23190.0]
2579,[26452.4140625],[34649.0]
2580,[16215.5341796875],[21361.0]
2581,[32706.521484375],[28571.0]
2582,[14585.3935546875],[23898.0]
2583,[21949.33203125],[20998.0]
2584,[37082.11328125],[7500.0]
2585,[13146.7119140625],[29074.0]
2586,[27566.98046875],[16531.0]
2587,[12550.5341796875],[24032.0]
2588,[36458.984375],[42400.0]
2589,[11024.9677734375],[36799.0]
2590,[22991.13671875],[33996.0]
2591,[20494.4453125],[17401.0]
2592,[34605.80859375],[30277.0]
2593,[23814.453125],[29541.0]
2594,[10457.3671875],[19995.0]
2595,[28602.54296875],[16654.0]
2596,[39542.73828125],[20500.0]
2597,[24438.130859375],[40659.0]
2598,[19467.8828125],[27014.0]
2599,[19666.900390625],[27166.0]
2600,[24110.72265625],[395.0]
2601,[6295.71875],[2926.0]
2602,[28566.392578125],[35627.0]
2603,[6186.96435546875],[22938.0]
2604,[22491.896484375],[27080.0]
2605,[20095.58203125],[34000.0]
2606,[26230.09765625],[27250.0]
2607,[13081.0625],[31624.0]
2608,[4975.01513671875],[35313.0]
2609,[11401.0439453125],[42140.0]
2610,[13613.14453125],[42041.0]
2611,[37012.65625],[22724.0]
2612,[15940.615234375],[44657.0]
2613,[30587.091796875],[32500.0]
2614,[38796.8203125],[35403.0]
2615,[18255.96875],[300.0]
2616,[35430.45703125],[44276.0]
2617,[19270.283203125],[35689.0]
2618,[7628.38134765625],[26019.0]
2619,[38301.2578125],[23775.0]
2620,[29430.658203125],[31500.0]
2621,[25511.365234375],[24664.0]
2622,[30659.24609375],[29465.0]
2623,[4100.6689453125],[30244.0]
2624,[8735.2314453125],[37400.0]
2625,[27977.30859375],[27549.0]
2626,[8131.314453125],[28125.0]
2627,[20264.87109375],[14921.0]
2628,[28487.724609375],[24762.0]
2629,[24929.21875],[27672.0]
2630,[35628.63671875],[11500.0]
2631,[5466.62939453125],[18389.0]
2632,[34200.31640625],[20999.0]
2633,[3727.727294921875],[38530.0]
2634,[39446.85546875],[17200.0]
2635,[29581.6875],[39676.0]
2636,[38479.82421875],[14901.0]
2637,[33947.52734375],[38911.0]
2638,[18394.744140625],[25000.0]
2639,[15128.458984375],[29027.0]
2640,[14895.2392578125],[12752.0]
2641,[13227.515625],[16269.0]
2642,[29201.701171875],[19672.0]
2643,[14430.8779296875],[44000.0]
2644,[541.674072265625],[6600.0]
2645,[27540.55859375],[33502.0]
2646,[24002.65625],[5555.0]
2647,[9238.3681640625],[21500.0]
2648,[27547.912109375],[25257.0]
2649,[5559.21826171875],[31841.0]
2650,[27934.796875],[35035.0]
